Text,Label,Unigrams,Bigrams,Trigrams,Agreement_Count,Disagreement_Count,Modal_Verbs,Negations
"complicated 3D character models are widely used in fields of entertainment, virtual reality, medicine etc",background_claim,c_o_m_p_l_i_c_a_t_e_d 3_d c_h_a_r_a_c_t_e_r m_o_d_e_l_s w_i_d_e_l_y f_i_e_l_d_s e_n_t_e_r_t_a_i_n_m_e_n_t v_i_r_t_u_a_l r_e_a_l_i_t_y m_e_d_i_c_i_n_e e_t_c,c_o_m_p_l_i_c_a_t_e_d_ _3_d 3_d_ _c_h_a_r_a_c_t_e_r c_h_a_r_a_c_t_e_r_ _m_o_d_e_l_s m_o_d_e_l_s_ _w_i_d_e_l_y w_i_d_e_l_y_ _f_i_e_l_d_s f_i_e_l_d_s_ _e_n_t_e_r_t_a_i_n_m_e_n_t e_n_t_e_r_t_a_i_n_m_e_n_t_ _v_i_r_t_u_a_l v_i_r_t_u_a_l_ _r_e_a_l_i_t_y r_e_a_l_i_t_y_ _m_e_d_i_c_i_n_e m_e_d_i_c_i_n_e_ _e_t_c,c_o_m_p_l_i_c_a_t_e_d_ _3_d_ _c_h_a_r_a_c_t_e_r 3_d_ _c_h_a_r_a_c_t_e_r_ _m_o_d_e_l_s c_h_a_r_a_c_t_e_r_ _m_o_d_e_l_s_ _w_i_d_e_l_y m_o_d_e_l_s_ _w_i_d_e_l_y_ _f_i_e_l_d_s w_i_d_e_l_y_ _f_i_e_l_d_s_ _e_n_t_e_r_t_a_i_n_m_e_n_t f_i_e_l_d_s_ _e_n_t_e_r_t_a_i_n_m_e_n_t_ _v_i_r_t_u_a_l e_n_t_e_r_t_a_i_n_m_e_n_t_ _v_i_r_t_u_a_l_ _r_e_a_l_i_t_y v_i_r_t_u_a_l_ _r_e_a_l_i_t_y_ _m_e_d_i_c_i_n_e r_e_a_l_i_t_y_ _m_e_d_i_c_i_n_e_ _e_t_c,0,0,,
The range of breathtaking realistic 3D models is only limited by the creativity of artists and resolution of devices,background_claim,r_a_n_g_e b_r_e_a_t_h_t_a_k_i_n_g r_e_a_l_i_s_t_i_c 3_d m_o_d_e_l_s l_i_m_i_t_e_d c_r_e_a_t_i_v_i_t_y a_r_t_i_s_t_s r_e_s_o_l_u_t_i_o_n d_e_v_i_c_e_s,r_a_n_g_e_ _b_r_e_a_t_h_t_a_k_i_n_g b_r_e_a_t_h_t_a_k_i_n_g_ _r_e_a_l_i_s_t_i_c r_e_a_l_i_s_t_i_c_ _3_d 3_d_ _m_o_d_e_l_s m_o_d_e_l_s_ _l_i_m_i_t_e_d l_i_m_i_t_e_d_ _c_r_e_a_t_i_v_i_t_y c_r_e_a_t_i_v_i_t_y_ _a_r_t_i_s_t_s a_r_t_i_s_t_s_ _r_e_s_o_l_u_t_i_o_n r_e_s_o_l_u_t_i_o_n_ _d_e_v_i_c_e_s,r_a_n_g_e_ _b_r_e_a_t_h_t_a_k_i_n_g_ _r_e_a_l_i_s_t_i_c b_r_e_a_t_h_t_a_k_i_n_g_ _r_e_a_l_i_s_t_i_c_ _3_d r_e_a_l_i_s_t_i_c_ _3_d_ _m_o_d_e_l_s 3_d_ _m_o_d_e_l_s_ _l_i_m_i_t_e_d m_o_d_e_l_s_ _l_i_m_i_t_e_d_ _c_r_e_a_t_i_v_i_t_y l_i_m_i_t_e_d_ _c_r_e_a_t_i_v_i_t_y_ _a_r_t_i_s_t_s c_r_e_a_t_i_v_i_t_y_ _a_r_t_i_s_t_s_ _r_e_s_o_l_u_t_i_o_n a_r_t_i_s_t_s_ _r_e_s_o_l_u_t_i_o_n_ _d_e_v_i_c_e_s,0,0,,
a production cannot afford major revisions,background_claim,p_r_o_d_u_c_t_i_o_n a_f_f_o_r_d m_a_j_o_r r_e_v_i_s_i_o_n_s,p_r_o_d_u_c_t_i_o_n_ _a_f_f_o_r_d a_f_f_o_r_d_ _m_a_j_o_r m_a_j_o_r_ _r_e_v_i_s_i_o_n_s,p_r_o_d_u_c_t_i_o_n_ _a_f_f_o_r_d_ _m_a_j_o_r a_f_f_o_r_d_ _m_a_j_o_r_ _r_e_v_i_s_i_o_n_s,0,0,can,not
providing a flexible and efficient solution to animation remains an open problem,own_claim,p_r_o_v_i_d_i_n_g f_l_e_x_i_b_l_e e_f_f_i_c_i_e_n_t s_o_l_u_t_i_o_n a_n_i_m_a_t_i_o_n r_e_m_a_i_n_s o_p_e_n p_r_o_b_l_e_m,p_r_o_v_i_d_i_n_g_ _f_l_e_x_i_b_l_e f_l_e_x_i_b_l_e_ _e_f_f_i_c_i_e_n_t e_f_f_i_c_i_e_n_t_ _s_o_l_u_t_i_o_n s_o_l_u_t_i_o_n_ _a_n_i_m_a_t_i_o_n a_n_i_m_a_t_i_o_n_ _r_e_m_a_i_n_s r_e_m_a_i_n_s_ _o_p_e_n o_p_e_n_ _p_r_o_b_l_e_m,p_r_o_v_i_d_i_n_g_ _f_l_e_x_i_b_l_e_ _e_f_f_i_c_i_e_n_t f_l_e_x_i_b_l_e_ _e_f_f_i_c_i_e_n_t_ _s_o_l_u_t_i_o_n e_f_f_i_c_i_e_n_t_ _s_o_l_u_t_i_o_n_ _a_n_i_m_a_t_i_o_n s_o_l_u_t_i_o_n_ _a_n_i_m_a_t_i_o_n_ _r_e_m_a_i_n_s a_n_i_m_a_t_i_o_n_ _r_e_m_a_i_n_s_ _o_p_e_n r_e_m_a_i_n_s_ _o_p_e_n_ _p_r_o_b_l_e_m,0,0,,
Skeleton Subspace Deformation (SSD) is the predominant approach to character skinning at present,background_claim,s_k_e_l_e_t_o_n s_u_b_s_p_a_c_e d_e_f_o_r_m_a_t_i_o_n s_s_d p_r_e_d_o_m_i_n_a_n_t a_p_p_r_o_a_c_h c_h_a_r_a_c_t_e_r s_k_i_n_n_i_n_g p_r_e_s_e_n_t,s_k_e_l_e_t_o_n_ _s_u_b_s_p_a_c_e s_u_b_s_p_a_c_e_ _d_e_f_o_r_m_a_t_i_o_n d_e_f_o_r_m_a_t_i_o_n_ _s_s_d s_s_d_ _p_r_e_d_o_m_i_n_a_n_t p_r_e_d_o_m_i_n_a_n_t_ _a_p_p_r_o_a_c_h a_p_p_r_o_a_c_h_ _c_h_a_r_a_c_t_e_r c_h_a_r_a_c_t_e_r_ _s_k_i_n_n_i_n_g s_k_i_n_n_i_n_g_ _p_r_e_s_e_n_t,s_k_e_l_e_t_o_n_ _s_u_b_s_p_a_c_e_ _d_e_f_o_r_m_a_t_i_o_n s_u_b_s_p_a_c_e_ _d_e_f_o_r_m_a_t_i_o_n_ _s_s_d d_e_f_o_r_m_a_t_i_o_n_ _s_s_d_ _p_r_e_d_o_m_i_n_a_n_t s_s_d_ _p_r_e_d_o_m_i_n_a_n_t_ _a_p_p_r_o_a_c_h p_r_e_d_o_m_i_n_a_n_t_ _a_p_p_r_o_a_c_h_ _c_h_a_r_a_c_t_e_r a_p_p_r_o_a_c_h_ _c_h_a_r_a_c_t_e_r_ _s_k_i_n_n_i_n_g c_h_a_r_a_c_t_e_r_ _s_k_i_n_n_i_n_g_ _p_r_e_s_e_n_t,0,0,,
Driving 3D models in a natural and believable manner is not trivial,background_claim,d_r_i_v_i_n_g 3_d m_o_d_e_l_s n_a_t_u_r_a_l b_e_l_i_e_v_a_b_l_e m_a_n_n_e_r t_r_i_v_i_a_l,d_r_i_v_i_n_g_ _3_d 3_d_ _m_o_d_e_l_s m_o_d_e_l_s_ _n_a_t_u_r_a_l n_a_t_u_r_a_l_ _b_e_l_i_e_v_a_b_l_e b_e_l_i_e_v_a_b_l_e_ _m_a_n_n_e_r m_a_n_n_e_r_ _t_r_i_v_i_a_l,d_r_i_v_i_n_g_ _3_d_ _m_o_d_e_l_s 3_d_ _m_o_d_e_l_s_ _n_a_t_u_r_a_l m_o_d_e_l_s_ _n_a_t_u_r_a_l_ _b_e_l_i_e_v_a_b_l_e n_a_t_u_r_a_l_ _b_e_l_i_e_v_a_b_l_e_ _m_a_n_n_e_r b_e_l_i_e_v_a_b_l_e_ _m_a_n_n_e_r_ _t_r_i_v_i_a_l,0,1,,not
its ease of implementation,data,e_a_s_e i_m_p_l_e_m_e_n_t_a_t_i_o_n,e_a_s_e_ _i_m_p_l_e_m_e_n_t_a_t_i_o_n,,0,0,,
low cost of computing,data,l_o_w c_o_s_t c_o_m_p_u_t_i_n_g,l_o_w_ _c_o_s_t c_o_s_t_ _c_o_m_p_u_t_i_n_g,l_o_w_ _c_o_s_t_ _c_o_m_p_u_t_i_n_g,0,0,,
"SSD is widely used in games, virtual reality and other realtime applications",background_claim,s_s_d w_i_d_e_l_y g_a_m_e_s v_i_r_t_u_a_l r_e_a_l_i_t_y r_e_a_l_t_i_m_e a_p_p_l_i_c_a_t_i_o_n_s,s_s_d_ _w_i_d_e_l_y w_i_d_e_l_y_ _g_a_m_e_s g_a_m_e_s_ _v_i_r_t_u_a_l v_i_r_t_u_a_l_ _r_e_a_l_i_t_y r_e_a_l_i_t_y_ _r_e_a_l_t_i_m_e r_e_a_l_t_i_m_e_ _a_p_p_l_i_c_a_t_i_o_n_s,s_s_d_ _w_i_d_e_l_y_ _g_a_m_e_s w_i_d_e_l_y_ _g_a_m_e_s_ _v_i_r_t_u_a_l g_a_m_e_s_ _v_i_r_t_u_a_l_ _r_e_a_l_i_t_y v_i_r_t_u_a_l_ _r_e_a_l_i_t_y_ _r_e_a_l_t_i_m_e r_e_a_l_i_t_y_ _r_e_a_l_t_i_m_e_ _a_p_p_l_i_c_a_t_i_o_n_s,0,0,,
artists will edit the geometry of characters in the rest pose to fine-tune animations,background_claim,a_r_t_i_s_t_s e_d_i_t g_e_o_m_e_t_r_y c_h_a_r_a_c_t_e_r_s r_e_s_t p_o_s_e f_i_n_e t_u_n_e a_n_i_m_a_t_i_o_n_s,a_r_t_i_s_t_s_ _e_d_i_t e_d_i_t_ _g_e_o_m_e_t_r_y g_e_o_m_e_t_r_y_ _c_h_a_r_a_c_t_e_r_s c_h_a_r_a_c_t_e_r_s_ _r_e_s_t r_e_s_t_ _p_o_s_e p_o_s_e_ _f_i_n_e f_i_n_e_ _t_u_n_e t_u_n_e_ _a_n_i_m_a_t_i_o_n_s,a_r_t_i_s_t_s_ _e_d_i_t_ _g_e_o_m_e_t_r_y e_d_i_t_ _g_e_o_m_e_t_r_y_ _c_h_a_r_a_c_t_e_r_s g_e_o_m_e_t_r_y_ _c_h_a_r_a_c_t_e_r_s_ _r_e_s_t c_h_a_r_a_c_t_e_r_s_ _r_e_s_t_ _p_o_s_e r_e_s_t_ _p_o_s_e_ _f_i_n_e p_o_s_e_ _f_i_n_e_ _t_u_n_e f_i_n_e_ _t_u_n_e_ _a_n_i_m_a_t_i_o_n_s,0,0,will,
This approach is not commonly applied,background_claim,a_p_p_r_o_a_c_h c_o_m_m_o_n_l_y a_p_p_l_i_e_d,a_p_p_r_o_a_c_h_ _c_o_m_m_o_n_l_y c_o_m_m_o_n_l_y_ _a_p_p_l_i_e_d,a_p_p_r_o_a_c_h_ _c_o_m_m_o_n_l_y_ _a_p_p_l_i_e_d,0,1,,not
editing in the rest pose will influence most other poses,background_claim,e_d_i_t_i_n_g r_e_s_t p_o_s_e i_n_f_l_u_e_n_c_e p_o_s_e_s,e_d_i_t_i_n_g_ _r_e_s_t r_e_s_t_ _p_o_s_e p_o_s_e_ _i_n_f_l_u_e_n_c_e i_n_f_l_u_e_n_c_e_ _p_o_s_e_s,e_d_i_t_i_n_g_ _r_e_s_t_ _p_o_s_e r_e_s_t_ _p_o_s_e_ _i_n_f_l_u_e_n_c_e p_o_s_e_ _i_n_f_l_u_e_n_c_e_ _p_o_s_e_s,0,0,will,
SSD is also notorious for artifacts at rotating elbows and extreme poses,background_claim,s_s_d n_o_t_o_r_i_o_u_s a_r_t_i_f_a_c_t_s r_o_t_a_t_i_n_g e_l_b_o_w_s e_x_t_r_e_m_e p_o_s_e_s,s_s_d_ _n_o_t_o_r_i_o_u_s n_o_t_o_r_i_o_u_s_ _a_r_t_i_f_a_c_t_s a_r_t_i_f_a_c_t_s_ _r_o_t_a_t_i_n_g r_o_t_a_t_i_n_g_ _e_l_b_o_w_s e_l_b_o_w_s_ _e_x_t_r_e_m_e e_x_t_r_e_m_e_ _p_o_s_e_s,s_s_d_ _n_o_t_o_r_i_o_u_s_ _a_r_t_i_f_a_c_t_s n_o_t_o_r_i_o_u_s_ _a_r_t_i_f_a_c_t_s_ _r_o_t_a_t_i_n_g a_r_t_i_f_a_c_t_s_ _r_o_t_a_t_i_n_g_ _e_l_b_o_w_s r_o_t_a_t_i_n_g_ _e_l_b_o_w_s_ _e_x_t_r_e_m_e e_l_b_o_w_s_ _e_x_t_r_e_m_e_ _p_o_s_e_s,0,0,,
Example based skinning methods such as Pose Space Deformation (PSD) are candidates for correcting SSD limitations,background_claim,e_x_a_m_p_l_e b_a_s_e_d s_k_i_n_n_i_n_g m_e_t_h_o_d_s p_o_s_e s_p_a_c_e d_e_f_o_r_m_a_t_i_o_n p_s_d c_a_n_d_i_d_a_t_e_s c_o_r_r_e_c_t_i_n_g s_s_d l_i_m_i_t_a_t_i_o_n_s,e_x_a_m_p_l_e_ _b_a_s_e_d b_a_s_e_d_ _s_k_i_n_n_i_n_g s_k_i_n_n_i_n_g_ _m_e_t_h_o_d_s m_e_t_h_o_d_s_ _p_o_s_e p_o_s_e_ _s_p_a_c_e s_p_a_c_e_ _d_e_f_o_r_m_a_t_i_o_n d_e_f_o_r_m_a_t_i_o_n_ _p_s_d p_s_d_ _c_a_n_d_i_d_a_t_e_s c_a_n_d_i_d_a_t_e_s_ _c_o_r_r_e_c_t_i_n_g c_o_r_r_e_c_t_i_n_g_ _s_s_d s_s_d_ _l_i_m_i_t_a_t_i_o_n_s,e_x_a_m_p_l_e_ _b_a_s_e_d_ _s_k_i_n_n_i_n_g b_a_s_e_d_ _s_k_i_n_n_i_n_g_ _m_e_t_h_o_d_s s_k_i_n_n_i_n_g_ _m_e_t_h_o_d_s_ _p_o_s_e m_e_t_h_o_d_s_ _p_o_s_e_ _s_p_a_c_e p_o_s_e_ _s_p_a_c_e_ _d_e_f_o_r_m_a_t_i_o_n s_p_a_c_e_ _d_e_f_o_r_m_a_t_i_o_n_ _p_s_d d_e_f_o_r_m_a_t_i_o_n_ _p_s_d_ _c_a_n_d_i_d_a_t_e_s p_s_d_ _c_a_n_d_i_d_a_t_e_s_ _c_o_r_r_e_c_t_i_n_g c_a_n_d_i_d_a_t_e_s_ _c_o_r_r_e_c_t_i_n_g_ _s_s_d c_o_r_r_e_c_t_i_n_g_ _s_s_d_ _l_i_m_i_t_a_t_i_o_n_s,0,0,,
PSD may be used as a compensation to the underlying SSD,background_claim,p_s_d c_o_m_p_e_n_s_a_t_i_o_n u_n_d_e_r_l_y_i_n_g s_s_d,p_s_d_ _c_o_m_p_e_n_s_a_t_i_o_n c_o_m_p_e_n_s_a_t_i_o_n_ _u_n_d_e_r_l_y_i_n_g u_n_d_e_r_l_y_i_n_g_ _s_s_d,p_s_d_ _c_o_m_p_e_n_s_a_t_i_o_n_ _u_n_d_e_r_l_y_i_n_g c_o_m_p_e_n_s_a_t_i_o_n_ _u_n_d_e_r_l_y_i_n_g_ _s_s_d,0,0,may,
the animator specifies the PSD examples after the SSD has been performed,background_claim,a_n_i_m_a_t_o_r s_p_e_c_i_f_i_e_s p_s_d e_x_a_m_p_l_e_s s_s_d p_e_r_f_o_r_m_e_d,a_n_i_m_a_t_o_r_ _s_p_e_c_i_f_i_e_s s_p_e_c_i_f_i_e_s_ _p_s_d p_s_d_ _e_x_a_m_p_l_e_s e_x_a_m_p_l_e_s_ _s_s_d s_s_d_ _p_e_r_f_o_r_m_e_d,a_n_i_m_a_t_o_r_ _s_p_e_c_i_f_i_e_s_ _p_s_d s_p_e_c_i_f_i_e_s_ _p_s_d_ _e_x_a_m_p_l_e_s p_s_d_ _e_x_a_m_p_l_e_s_ _s_s_d e_x_a_m_p_l_e_s_ _s_s_d_ _p_e_r_f_o_r_m_e_d,0,0,,
"the examples are best interpolated in the rest pose, before the SSD has been applied",background_claim,e_x_a_m_p_l_e_s b_e_s_t i_n_t_e_r_p_o_l_a_t_e_d r_e_s_t p_o_s_e s_s_d a_p_p_l_i_e_d,e_x_a_m_p_l_e_s_ _b_e_s_t b_e_s_t_ _i_n_t_e_r_p_o_l_a_t_e_d i_n_t_e_r_p_o_l_a_t_e_d_ _r_e_s_t r_e_s_t_ _p_o_s_e p_o_s_e_ _s_s_d s_s_d_ _a_p_p_l_i_e_d,e_x_a_m_p_l_e_s_ _b_e_s_t_ _i_n_t_e_r_p_o_l_a_t_e_d b_e_s_t_ _i_n_t_e_r_p_o_l_a_t_e_d_ _r_e_s_t i_n_t_e_r_p_o_l_a_t_e_d_ _r_e_s_t_ _p_o_s_e r_e_s_t_ _p_o_s_e_ _s_s_d p_o_s_e_ _s_s_d_ _a_p_p_l_i_e_d,0,0,,
the action of the SSD and any other deformations must be “inverted” in order to push the example compensation before these operations,background_claim,a_c_t_i_o_n s_s_d d_e_f_o_r_m_a_t_i_o_n_s i_n_v_e_r_t_e_d o_r_d_e_r p_u_s_h e_x_a_m_p_l_e c_o_m_p_e_n_s_a_t_i_o_n o_p_e_r_a_t_i_o_n_s,a_c_t_i_o_n_ _s_s_d s_s_d_ _d_e_f_o_r_m_a_t_i_o_n_s d_e_f_o_r_m_a_t_i_o_n_s_ _i_n_v_e_r_t_e_d i_n_v_e_r_t_e_d_ _o_r_d_e_r o_r_d_e_r_ _p_u_s_h p_u_s_h_ _e_x_a_m_p_l_e e_x_a_m_p_l_e_ _c_o_m_p_e_n_s_a_t_i_o_n c_o_m_p_e_n_s_a_t_i_o_n_ _o_p_e_r_a_t_i_o_n_s,a_c_t_i_o_n_ _s_s_d_ _d_e_f_o_r_m_a_t_i_o_n_s s_s_d_ _d_e_f_o_r_m_a_t_i_o_n_s_ _i_n_v_e_r_t_e_d d_e_f_o_r_m_a_t_i_o_n_s_ _i_n_v_e_r_t_e_d_ _o_r_d_e_r i_n_v_e_r_t_e_d_ _o_r_d_e_r_ _p_u_s_h o_r_d_e_r_ _p_u_s_h_ _e_x_a_m_p_l_e p_u_s_h_ _e_x_a_m_p_l_e_ _c_o_m_p_e_n_s_a_t_i_o_n e_x_a_m_p_l_e_ _c_o_m_p_e_n_s_a_t_i_o_n_ _o_p_e_r_a_t_i_o_n_s,0,0,must,
SSD is the most representative in the family of basic skinning,background_claim,s_s_d r_e_p_r_e_s_e_n_t_a_t_i_v_e f_a_m_i_l_y b_a_s_i_c s_k_i_n_n_i_n_g,s_s_d_ _r_e_p_r_e_s_e_n_t_a_t_i_v_e r_e_p_r_e_s_e_n_t_a_t_i_v_e_ _f_a_m_i_l_y f_a_m_i_l_y_ _b_a_s_i_c b_a_s_i_c_ _s_k_i_n_n_i_n_g,s_s_d_ _r_e_p_r_e_s_e_n_t_a_t_i_v_e_ _f_a_m_i_l_y r_e_p_r_e_s_e_n_t_a_t_i_v_e_ _f_a_m_i_l_y_ _b_a_s_i_c f_a_m_i_l_y_ _b_a_s_i_c_ _s_k_i_n_n_i_n_g,0,0,,
this inverse strategy has a better performance than the same framework without it,own_claim,i_n_v_e_r_s_e s_t_r_a_t_e_g_y b_e_t_t_e_r p_e_r_f_o_r_m_a_n_c_e f_r_a_m_e_w_o_r_k,i_n_v_e_r_s_e_ _s_t_r_a_t_e_g_y s_t_r_a_t_e_g_y_ _b_e_t_t_e_r b_e_t_t_e_r_ _p_e_r_f_o_r_m_a_n_c_e p_e_r_f_o_r_m_a_n_c_e_ _f_r_a_m_e_w_o_r_k,i_n_v_e_r_s_e_ _s_t_r_a_t_e_g_y_ _b_e_t_t_e_r s_t_r_a_t_e_g_y_ _b_e_t_t_e_r_ _p_e_r_f_o_r_m_a_n_c_e b_e_t_t_e_r_ _p_e_r_f_o_r_m_a_n_c_e_ _f_r_a_m_e_w_o_r_k,0,0,,
this approach will improve the quality of deformation,own_claim,a_p_p_r_o_a_c_h i_m_p_r_o_v_e q_u_a_l_i_t_y d_e_f_o_r_m_a_t_i_o_n,a_p_p_r_o_a_c_h_ _i_m_p_r_o_v_e i_m_p_r_o_v_e_ _q_u_a_l_i_t_y q_u_a_l_i_t_y_ _d_e_f_o_r_m_a_t_i_o_n,a_p_p_r_o_a_c_h_ _i_m_p_r_o_v_e_ _q_u_a_l_i_t_y i_m_p_r_o_v_e_ _q_u_a_l_i_t_y_ _d_e_f_o_r_m_a_t_i_o_n,0,0,will,
they are seldom applied to interactive applications,background_claim,s_e_l_d_o_m a_p_p_l_i_e_d i_n_t_e_r_a_c_t_i_v_e a_p_p_l_i_c_a_t_i_o_n_s,s_e_l_d_o_m_ _a_p_p_l_i_e_d a_p_p_l_i_e_d_ _i_n_t_e_r_a_c_t_i_v_e i_n_t_e_r_a_c_t_i_v_e_ _a_p_p_l_i_c_a_t_i_o_n_s,s_e_l_d_o_m_ _a_p_p_l_i_e_d_ _i_n_t_e_r_a_c_t_i_v_e a_p_p_l_i_e_d_ _i_n_t_e_r_a_c_t_i_v_e_ _a_p_p_l_i_c_a_t_i_o_n_s,0,0,,
the high cost of computing,data,h_i_g_h c_o_s_t c_o_m_p_u_t_i_n_g,h_i_g_h_ _c_o_s_t c_o_s_t_ _c_o_m_p_u_t_i_n_g,h_i_g_h_ _c_o_s_t_ _c_o_m_p_u_t_i_n_g,0,0,,
complicated algorithms,data,c_o_m_p_l_i_c_a_t_e_d a_l_g_o_r_i_t_h_m_s,c_o_m_p_l_i_c_a_t_e_d_ _a_l_g_o_r_i_t_h_m_s,,0,0,,
this category can generate more believable animation effects compared to its geometric counterpart,background_claim,c_a_t_e_g_o_r_y g_e_n_e_r_a_t_e b_e_l_i_e_v_a_b_l_e a_n_i_m_a_t_i_o_n e_f_f_e_c_t_s c_o_m_p_a_r_e_d g_e_o_m_e_t_r_i_c c_o_u_n_t_e_r_p_a_r_t,c_a_t_e_g_o_r_y_ _g_e_n_e_r_a_t_e g_e_n_e_r_a_t_e_ _b_e_l_i_e_v_a_b_l_e b_e_l_i_e_v_a_b_l_e_ _a_n_i_m_a_t_i_o_n a_n_i_m_a_t_i_o_n_ _e_f_f_e_c_t_s e_f_f_e_c_t_s_ _c_o_m_p_a_r_e_d c_o_m_p_a_r_e_d_ _g_e_o_m_e_t_r_i_c g_e_o_m_e_t_r_i_c_ _c_o_u_n_t_e_r_p_a_r_t,c_a_t_e_g_o_r_y_ _g_e_n_e_r_a_t_e_ _b_e_l_i_e_v_a_b_l_e g_e_n_e_r_a_t_e_ _b_e_l_i_e_v_a_b_l_e_ _a_n_i_m_a_t_i_o_n b_e_l_i_e_v_a_b_l_e_ _a_n_i_m_a_t_i_o_n_ _e_f_f_e_c_t_s a_n_i_m_a_t_i_o_n_ _e_f_f_e_c_t_s_ _c_o_m_p_a_r_e_d e_f_f_e_c_t_s_ _c_o_m_p_a_r_e_d_ _g_e_o_m_e_t_r_i_c c_o_m_p_a_r_e_d_ _g_e_o_m_e_t_r_i_c_ _c_o_u_n_t_e_r_p_a_r_t,0,0,can,
Pose Space Deformation,background_claim,p_o_s_e s_p_a_c_e d_e_f_o_r_m_a_t_i_o_n,p_o_s_e_ _s_p_a_c_e s_p_a_c_e_ _d_e_f_o_r_m_a_t_i_o_n,p_o_s_e_ _s_p_a_c_e_ _d_e_f_o_r_m_a_t_i_o_n,0,0,,
combines shape blending and Skeleton Subspace Deformation by formulating a scattered data interpolation problem over sculpted (or otherwise obtained) example poses,background_claim,c_o_m_b_i_n_e_s s_h_a_p_e b_l_e_n_d_i_n_g s_k_e_l_e_t_o_n s_u_b_s_p_a_c_e d_e_f_o_r_m_a_t_i_o_n f_o_r_m_u_l_a_t_i_n_g s_c_a_t_t_e_r_e_d d_a_t_a i_n_t_e_r_p_o_l_a_t_i_o_n p_r_o_b_l_e_m s_c_u_l_p_t_e_d o_b_t_a_i_n_e_d e_x_a_m_p_l_e p_o_s_e_s,c_o_m_b_i_n_e_s_ _s_h_a_p_e s_h_a_p_e_ _b_l_e_n_d_i_n_g b_l_e_n_d_i_n_g_ _s_k_e_l_e_t_o_n s_k_e_l_e_t_o_n_ _s_u_b_s_p_a_c_e s_u_b_s_p_a_c_e_ _d_e_f_o_r_m_a_t_i_o_n d_e_f_o_r_m_a_t_i_o_n_ _f_o_r_m_u_l_a_t_i_n_g f_o_r_m_u_l_a_t_i_n_g_ _s_c_a_t_t_e_r_e_d s_c_a_t_t_e_r_e_d_ _d_a_t_a d_a_t_a_ _i_n_t_e_r_p_o_l_a_t_i_o_n i_n_t_e_r_p_o_l_a_t_i_o_n_ _p_r_o_b_l_e_m p_r_o_b_l_e_m_ _s_c_u_l_p_t_e_d s_c_u_l_p_t_e_d_ _o_b_t_a_i_n_e_d o_b_t_a_i_n_e_d_ _e_x_a_m_p_l_e e_x_a_m_p_l_e_ _p_o_s_e_s,c_o_m_b_i_n_e_s_ _s_h_a_p_e_ _b_l_e_n_d_i_n_g s_h_a_p_e_ _b_l_e_n_d_i_n_g_ _s_k_e_l_e_t_o_n b_l_e_n_d_i_n_g_ _s_k_e_l_e_t_o_n_ _s_u_b_s_p_a_c_e s_k_e_l_e_t_o_n_ _s_u_b_s_p_a_c_e_ _d_e_f_o_r_m_a_t_i_o_n s_u_b_s_p_a_c_e_ _d_e_f_o_r_m_a_t_i_o_n_ _f_o_r_m_u_l_a_t_i_n_g d_e_f_o_r_m_a_t_i_o_n_ _f_o_r_m_u_l_a_t_i_n_g_ _s_c_a_t_t_e_r_e_d f_o_r_m_u_l_a_t_i_n_g_ _s_c_a_t_t_e_r_e_d_ _d_a_t_a s_c_a_t_t_e_r_e_d_ _d_a_t_a_ _i_n_t_e_r_p_o_l_a_t_i_o_n d_a_t_a_ _i_n_t_e_r_p_o_l_a_t_i_o_n_ _p_r_o_b_l_e_m i_n_t_e_r_p_o_l_a_t_i_o_n_ _p_r_o_b_l_e_m_ _s_c_u_l_p_t_e_d p_r_o_b_l_e_m_ _s_c_u_l_p_t_e_d_ _o_b_t_a_i_n_e_d s_c_u_l_p_t_e_d_ _o_b_t_a_i_n_e_d_ _e_x_a_m_p_l_e o_b_t_a_i_n_e_d_ _e_x_a_m_p_l_e_ _p_o_s_e_s,0,0,,
[ 1 ],data,1,,,0,0,,
Related research efforts have improved the speed and power of example-based skinning,background_claim,r_e_l_a_t_e_d r_e_s_e_a_r_c_h e_f_f_o_r_t_s i_m_p_r_o_v_e_d s_p_e_e_d p_o_w_e_r e_x_a_m_p_l_e b_a_s_e_d s_k_i_n_n_i_n_g,r_e_l_a_t_e_d_ _r_e_s_e_a_r_c_h r_e_s_e_a_r_c_h_ _e_f_f_o_r_t_s e_f_f_o_r_t_s_ _i_m_p_r_o_v_e_d i_m_p_r_o_v_e_d_ _s_p_e_e_d s_p_e_e_d_ _p_o_w_e_r p_o_w_e_r_ _e_x_a_m_p_l_e e_x_a_m_p_l_e_ _b_a_s_e_d b_a_s_e_d_ _s_k_i_n_n_i_n_g,r_e_l_a_t_e_d_ _r_e_s_e_a_r_c_h_ _e_f_f_o_r_t_s r_e_s_e_a_r_c_h_ _e_f_f_o_r_t_s_ _i_m_p_r_o_v_e_d e_f_f_o_r_t_s_ _i_m_p_r_o_v_e_d_ _s_p_e_e_d i_m_p_r_o_v_e_d_ _s_p_e_e_d_ _p_o_w_e_r s_p_e_e_d_ _p_o_w_e_r_ _e_x_a_m_p_l_e p_o_w_e_r_ _e_x_a_m_p_l_e_ _b_a_s_e_d e_x_a_m_p_l_e_ _b_a_s_e_d_ _s_k_i_n_n_i_n_g,0,0,,
incorporate linear elements into RBF to produce constant changes between examples,background_claim,i_n_c_o_r_p_o_r_a_t_e l_i_n_e_a_r e_l_e_m_e_n_t_s r_b_f p_r_o_d_u_c_e c_o_n_s_t_a_n_t c_h_a_n_g_e_s e_x_a_m_p_l_e_s,i_n_c_o_r_p_o_r_a_t_e_ _l_i_n_e_a_r l_i_n_e_a_r_ _e_l_e_m_e_n_t_s e_l_e_m_e_n_t_s_ _r_b_f r_b_f_ _p_r_o_d_u_c_e p_r_o_d_u_c_e_ _c_o_n_s_t_a_n_t c_o_n_s_t_a_n_t_ _c_h_a_n_g_e_s c_h_a_n_g_e_s_ _e_x_a_m_p_l_e_s,i_n_c_o_r_p_o_r_a_t_e_ _l_i_n_e_a_r_ _e_l_e_m_e_n_t_s l_i_n_e_a_r_ _e_l_e_m_e_n_t_s_ _r_b_f e_l_e_m_e_n_t_s_ _r_b_f_ _p_r_o_d_u_c_e r_b_f_ _p_r_o_d_u_c_e_ _c_o_n_s_t_a_n_t p_r_o_d_u_c_e_ _c_o_n_s_t_a_n_t_ _c_h_a_n_g_e_s c_o_n_s_t_a_n_t_ _c_h_a_n_g_e_s_ _e_x_a_m_p_l_e_s,0,0,,
[ 2 ],data,2,,,0,0,,
precompute principal components of the deformation influences for individual kinematic joints instead of storing displacements for key poses,background_claim,p_r_e_c_o_m_p_u_t_e p_r_i_n_c_i_p_a_l c_o_m_p_o_n_e_n_t_s d_e_f_o_r_m_a_t_i_o_n i_n_f_l_u_e_n_c_e_s i_n_d_i_v_i_d_u_a_l k_i_n_e_m_a_t_i_c j_o_i_n_t_s i_n_s_t_e_a_d s_t_o_r_i_n_g d_i_s_p_l_a_c_e_m_e_n_t_s k_e_y p_o_s_e_s,p_r_e_c_o_m_p_u_t_e_ _p_r_i_n_c_i_p_a_l p_r_i_n_c_i_p_a_l_ _c_o_m_p_o_n_e_n_t_s c_o_m_p_o_n_e_n_t_s_ _d_e_f_o_r_m_a_t_i_o_n d_e_f_o_r_m_a_t_i_o_n_ _i_n_f_l_u_e_n_c_e_s i_n_f_l_u_e_n_c_e_s_ _i_n_d_i_v_i_d_u_a_l i_n_d_i_v_i_d_u_a_l_ _k_i_n_e_m_a_t_i_c k_i_n_e_m_a_t_i_c_ _j_o_i_n_t_s j_o_i_n_t_s_ _i_n_s_t_e_a_d i_n_s_t_e_a_d_ _s_t_o_r_i_n_g s_t_o_r_i_n_g_ _d_i_s_p_l_a_c_e_m_e_n_t_s d_i_s_p_l_a_c_e_m_e_n_t_s_ _k_e_y k_e_y_ _p_o_s_e_s,p_r_e_c_o_m_p_u_t_e_ _p_r_i_n_c_i_p_a_l_ _c_o_m_p_o_n_e_n_t_s p_r_i_n_c_i_p_a_l_ _c_o_m_p_o_n_e_n_t_s_ _d_e_f_o_r_m_a_t_i_o_n c_o_m_p_o_n_e_n_t_s_ _d_e_f_o_r_m_a_t_i_o_n_ _i_n_f_l_u_e_n_c_e_s d_e_f_o_r_m_a_t_i_o_n_ _i_n_f_l_u_e_n_c_e_s_ _i_n_d_i_v_i_d_u_a_l i_n_f_l_u_e_n_c_e_s_ _i_n_d_i_v_i_d_u_a_l_ _k_i_n_e_m_a_t_i_c i_n_d_i_v_i_d_u_a_l_ _k_i_n_e_m_a_t_i_c_ _j_o_i_n_t_s k_i_n_e_m_a_t_i_c_ _j_o_i_n_t_s_ _i_n_s_t_e_a_d j_o_i_n_t_s_ _i_n_s_t_e_a_d_ _s_t_o_r_i_n_g i_n_s_t_e_a_d_ _s_t_o_r_i_n_g_ _d_i_s_p_l_a_c_e_m_e_n_t_s s_t_o_r_i_n_g_ _d_i_s_p_l_a_c_e_m_e_n_t_s_ _k_e_y d_i_s_p_l_a_c_e_m_e_n_t_s_ _k_e_y_ _p_o_s_e_s,0,0,,
enabling realtime rendering large nonlinear finite element models of human hands,background_claim,e_n_a_b_l_i_n_g r_e_a_l_t_i_m_e r_e_n_d_e_r_i_n_g l_a_r_g_e n_o_n_l_i_n_e_a_r f_i_n_i_t_e e_l_e_m_e_n_t m_o_d_e_l_s h_u_m_a_n h_a_n_d_s,e_n_a_b_l_i_n_g_ _r_e_a_l_t_i_m_e r_e_a_l_t_i_m_e_ _r_e_n_d_e_r_i_n_g r_e_n_d_e_r_i_n_g_ _l_a_r_g_e l_a_r_g_e_ _n_o_n_l_i_n_e_a_r n_o_n_l_i_n_e_a_r_ _f_i_n_i_t_e f_i_n_i_t_e_ _e_l_e_m_e_n_t e_l_e_m_e_n_t_ _m_o_d_e_l_s m_o_d_e_l_s_ _h_u_m_a_n h_u_m_a_n_ _h_a_n_d_s,e_n_a_b_l_i_n_g_ _r_e_a_l_t_i_m_e_ _r_e_n_d_e_r_i_n_g r_e_a_l_t_i_m_e_ _r_e_n_d_e_r_i_n_g_ _l_a_r_g_e r_e_n_d_e_r_i_n_g_ _l_a_r_g_e_ _n_o_n_l_i_n_e_a_r l_a_r_g_e_ _n_o_n_l_i_n_e_a_r_ _f_i_n_i_t_e n_o_n_l_i_n_e_a_r_ _f_i_n_i_t_e_ _e_l_e_m_e_n_t f_i_n_i_t_e_ _e_l_e_m_e_n_t_ _m_o_d_e_l_s e_l_e_m_e_n_t_ _m_o_d_e_l_s_ _h_u_m_a_n m_o_d_e_l_s_ _h_u_m_a_n_ _h_a_n_d_s,0,0,,
[ 3 ],data,3,,,0,0,,
introduce weighted pose space deformation for deforming realistic models of human hand,background_claim,i_n_t_r_o_d_u_c_e w_e_i_g_h_t_e_d p_o_s_e s_p_a_c_e d_e_f_o_r_m_a_t_i_o_n d_e_f_o_r_m_i_n_g r_e_a_l_i_s_t_i_c m_o_d_e_l_s h_u_m_a_n h_a_n_d,i_n_t_r_o_d_u_c_e_ _w_e_i_g_h_t_e_d w_e_i_g_h_t_e_d_ _p_o_s_e p_o_s_e_ _s_p_a_c_e s_p_a_c_e_ _d_e_f_o_r_m_a_t_i_o_n d_e_f_o_r_m_a_t_i_o_n_ _d_e_f_o_r_m_i_n_g d_e_f_o_r_m_i_n_g_ _r_e_a_l_i_s_t_i_c r_e_a_l_i_s_t_i_c_ _m_o_d_e_l_s m_o_d_e_l_s_ _h_u_m_a_n h_u_m_a_n_ _h_a_n_d,i_n_t_r_o_d_u_c_e_ _w_e_i_g_h_t_e_d_ _p_o_s_e w_e_i_g_h_t_e_d_ _p_o_s_e_ _s_p_a_c_e p_o_s_e_ _s_p_a_c_e_ _d_e_f_o_r_m_a_t_i_o_n s_p_a_c_e_ _d_e_f_o_r_m_a_t_i_o_n_ _d_e_f_o_r_m_i_n_g d_e_f_o_r_m_a_t_i_o_n_ _d_e_f_o_r_m_i_n_g_ _r_e_a_l_i_s_t_i_c d_e_f_o_r_m_i_n_g_ _r_e_a_l_i_s_t_i_c_ _m_o_d_e_l_s r_e_a_l_i_s_t_i_c_ _m_o_d_e_l_s_ _h_u_m_a_n m_o_d_e_l_s_ _h_u_m_a_n_ _h_a_n_d,0,0,,
[ 4 ],data,4,,,0,0,,
these example-based approaches can be considered as non-parametric skin deformation methods,background_claim,e_x_a_m_p_l_e b_a_s_e_d a_p_p_r_o_a_c_h_e_s c_o_n_s_i_d_e_r_e_d n_o_n p_a_r_a_m_e_t_r_i_c s_k_i_n d_e_f_o_r_m_a_t_i_o_n m_e_t_h_o_d_s,e_x_a_m_p_l_e_ _b_a_s_e_d b_a_s_e_d_ _a_p_p_r_o_a_c_h_e_s a_p_p_r_o_a_c_h_e_s_ _c_o_n_s_i_d_e_r_e_d c_o_n_s_i_d_e_r_e_d_ _n_o_n n_o_n_ _p_a_r_a_m_e_t_r_i_c p_a_r_a_m_e_t_r_i_c_ _s_k_i_n s_k_i_n_ _d_e_f_o_r_m_a_t_i_o_n d_e_f_o_r_m_a_t_i_o_n_ _m_e_t_h_o_d_s,e_x_a_m_p_l_e_ _b_a_s_e_d_ _a_p_p_r_o_a_c_h_e_s b_a_s_e_d_ _a_p_p_r_o_a_c_h_e_s_ _c_o_n_s_i_d_e_r_e_d a_p_p_r_o_a_c_h_e_s_ _c_o_n_s_i_d_e_r_e_d_ _n_o_n c_o_n_s_i_d_e_r_e_d_ _n_o_n_ _p_a_r_a_m_e_t_r_i_c n_o_n_ _p_a_r_a_m_e_t_r_i_c_ _s_k_i_n p_a_r_a_m_e_t_r_i_c_ _s_k_i_n_ _d_e_f_o_r_m_a_t_i_o_n s_k_i_n_ _d_e_f_o_r_m_a_t_i_o_n_ _m_e_t_h_o_d_s,0,0,can,
identifies statistically relevant bones and approximates bone transforms from example mesh animations,background_claim,i_d_e_n_t_i_f_i_e_s s_t_a_t_i_s_t_i_c_a_l_l_y r_e_l_e_v_a_n_t b_o_n_e_s a_p_p_r_o_x_i_m_a_t_e_s b_o_n_e t_r_a_n_s_f_o_r_m_s e_x_a_m_p_l_e m_e_s_h a_n_i_m_a_t_i_o_n_s,i_d_e_n_t_i_f_i_e_s_ _s_t_a_t_i_s_t_i_c_a_l_l_y s_t_a_t_i_s_t_i_c_a_l_l_y_ _r_e_l_e_v_a_n_t r_e_l_e_v_a_n_t_ _b_o_n_e_s b_o_n_e_s_ _a_p_p_r_o_x_i_m_a_t_e_s a_p_p_r_o_x_i_m_a_t_e_s_ _b_o_n_e b_o_n_e_ _t_r_a_n_s_f_o_r_m_s t_r_a_n_s_f_o_r_m_s_ _e_x_a_m_p_l_e e_x_a_m_p_l_e_ _m_e_s_h m_e_s_h_ _a_n_i_m_a_t_i_o_n_s,i_d_e_n_t_i_f_i_e_s_ _s_t_a_t_i_s_t_i_c_a_l_l_y_ _r_e_l_e_v_a_n_t s_t_a_t_i_s_t_i_c_a_l_l_y_ _r_e_l_e_v_a_n_t_ _b_o_n_e_s r_e_l_e_v_a_n_t_ _b_o_n_e_s_ _a_p_p_r_o_x_i_m_a_t_e_s b_o_n_e_s_ _a_p_p_r_o_x_i_m_a_t_e_s_ _b_o_n_e a_p_p_r_o_x_i_m_a_t_e_s_ _b_o_n_e_ _t_r_a_n_s_f_o_r_m_s b_o_n_e_ _t_r_a_n_s_f_o_r_m_s_ _e_x_a_m_p_l_e t_r_a_n_s_f_o_r_m_s_ _e_x_a_m_p_l_e_ _m_e_s_h e_x_a_m_p_l_e_ _m_e_s_h_ _a_n_i_m_a_t_i_o_n_s,0,0,,
[ 5 ],data,5,,,0,0,,
these have also seen some development in recent years,background_claim,s_e_e_n d_e_v_e_l_o_p_m_e_n_t r_e_c_e_n_t y_e_a_r_s,s_e_e_n_ _d_e_v_e_l_o_p_m_e_n_t d_e_v_e_l_o_p_m_e_n_t_ _r_e_c_e_n_t r_e_c_e_n_t_ _y_e_a_r_s,s_e_e_n_ _d_e_v_e_l_o_p_m_e_n_t_ _r_e_c_e_n_t d_e_v_e_l_o_p_m_e_n_t_ _r_e_c_e_n_t_ _y_e_a_r_s,0,0,,
[ 6 ],data,6,,,0,0,,
[ 7 ],data,7,,,0,0,,
are also common practices in the entertainment production,background_claim,c_o_m_m_o_n p_r_a_c_t_i_c_e_s e_n_t_e_r_t_a_i_n_m_e_n_t p_r_o_d_u_c_t_i_o_n,c_o_m_m_o_n_ _p_r_a_c_t_i_c_e_s p_r_a_c_t_i_c_e_s_ _e_n_t_e_r_t_a_i_n_m_e_n_t e_n_t_e_r_t_a_i_n_m_e_n_t_ _p_r_o_d_u_c_t_i_o_n,c_o_m_m_o_n_ _p_r_a_c_t_i_c_e_s_ _e_n_t_e_r_t_a_i_n_m_e_n_t p_r_a_c_t_i_c_e_s_ _e_n_t_e_r_t_a_i_n_m_e_n_t_ _p_r_o_d_u_c_t_i_o_n,0,0,,
Skinning using free form lattices,background_claim,s_k_i_n_n_i_n_g f_r_e_e f_o_r_m l_a_t_t_i_c_e_s,s_k_i_n_n_i_n_g_ _f_r_e_e f_r_e_e_ _f_o_r_m f_o_r_m_ _l_a_t_t_i_c_e_s,s_k_i_n_n_i_n_g_ _f_r_e_e_ _f_o_r_m f_r_e_e_ _f_o_r_m_ _l_a_t_t_i_c_e_s,0,0,,
NURBS curves,background_claim,n_u_r_b_s c_u_r_v_e_s,n_u_r_b_s_ _c_u_r_v_e_s,,0,0,,
[ 10 ],data,1_0,,,0,0,,
[ 8 ],data,8,,,0,0,,
[ 9 ],data,9,,,0,0,,
the inverse operation can improve the results,own_claim,i_n_v_e_r_s_e o_p_e_r_a_t_i_o_n i_m_p_r_o_v_e r_e_s_u_l_t_s,i_n_v_e_r_s_e_ _o_p_e_r_a_t_i_o_n o_p_e_r_a_t_i_o_n_ _i_m_p_r_o_v_e i_m_p_r_o_v_e_ _r_e_s_u_l_t_s,i_n_v_e_r_s_e_ _o_p_e_r_a_t_i_o_n_ _i_m_p_r_o_v_e o_p_e_r_a_t_i_o_n_ _i_m_p_r_o_v_e_ _r_e_s_u_l_t_s,0,0,can,
inverse operation is required,own_claim,i_n_v_e_r_s_e o_p_e_r_a_t_i_o_n r_e_q_u_i_r_e_d,i_n_v_e_r_s_e_ _o_p_e_r_a_t_i_o_n o_p_e_r_a_t_i_o_n_ _r_e_q_u_i_r_e_d,i_n_v_e_r_s_e_ _o_p_e_r_a_t_i_o_n_ _r_e_q_u_i_r_e_d,0,0,,
SSD is widely applied to interactive applications such as games and virtual reality,background_claim,s_s_d w_i_d_e_l_y a_p_p_l_i_e_d i_n_t_e_r_a_c_t_i_v_e a_p_p_l_i_c_a_t_i_o_n_s g_a_m_e_s v_i_r_t_u_a_l r_e_a_l_i_t_y,s_s_d_ _w_i_d_e_l_y w_i_d_e_l_y_ _a_p_p_l_i_e_d a_p_p_l_i_e_d_ _i_n_t_e_r_a_c_t_i_v_e i_n_t_e_r_a_c_t_i_v_e_ _a_p_p_l_i_c_a_t_i_o_n_s a_p_p_l_i_c_a_t_i_o_n_s_ _g_a_m_e_s g_a_m_e_s_ _v_i_r_t_u_a_l v_i_r_t_u_a_l_ _r_e_a_l_i_t_y,s_s_d_ _w_i_d_e_l_y_ _a_p_p_l_i_e_d w_i_d_e_l_y_ _a_p_p_l_i_e_d_ _i_n_t_e_r_a_c_t_i_v_e a_p_p_l_i_e_d_ _i_n_t_e_r_a_c_t_i_v_e_ _a_p_p_l_i_c_a_t_i_o_n_s i_n_t_e_r_a_c_t_i_v_e_ _a_p_p_l_i_c_a_t_i_o_n_s_ _g_a_m_e_s a_p_p_l_i_c_a_t_i_o_n_s_ _g_a_m_e_s_ _v_i_r_t_u_a_l g_a_m_e_s_ _v_i_r_t_u_a_l_ _r_e_a_l_i_t_y,0,0,,
it is implemented in most commercial animation packages,background_claim,i_m_p_l_e_m_e_n_t_e_d c_o_m_m_e_r_c_i_a_l a_n_i_m_a_t_i_o_n p_a_c_k_a_g_e_s,i_m_p_l_e_m_e_n_t_e_d_ _c_o_m_m_e_r_c_i_a_l c_o_m_m_e_r_c_i_a_l_ _a_n_i_m_a_t_i_o_n a_n_i_m_a_t_i_o_n_ _p_a_c_k_a_g_e_s,i_m_p_l_e_m_e_n_t_e_d_ _c_o_m_m_e_r_c_i_a_l_ _a_n_i_m_a_t_i_o_n c_o_m_m_e_r_c_i_a_l_ _a_n_i_m_a_t_i_o_n_ _p_a_c_k_a_g_e_s,0,0,,
its simplicity,data,s_i_m_p_l_i_c_i_t_y,,,0,0,,
efficiency,data,e_f_f_i_c_i_e_n_c_y,,,0,0,,
SSD is very popular in circumstances that require animating a number of characters in real time,background_claim,s_s_d p_o_p_u_l_a_r c_i_r_c_u_m_s_t_a_n_c_e_s r_e_q_u_i_r_e a_n_i_m_a_t_i_n_g n_u_m_b_e_r c_h_a_r_a_c_t_e_r_s r_e_a_l t_i_m_e,s_s_d_ _p_o_p_u_l_a_r p_o_p_u_l_a_r_ _c_i_r_c_u_m_s_t_a_n_c_e_s c_i_r_c_u_m_s_t_a_n_c_e_s_ _r_e_q_u_i_r_e r_e_q_u_i_r_e_ _a_n_i_m_a_t_i_n_g a_n_i_m_a_t_i_n_g_ _n_u_m_b_e_r n_u_m_b_e_r_ _c_h_a_r_a_c_t_e_r_s c_h_a_r_a_c_t_e_r_s_ _r_e_a_l r_e_a_l_ _t_i_m_e,s_s_d_ _p_o_p_u_l_a_r_ _c_i_r_c_u_m_s_t_a_n_c_e_s p_o_p_u_l_a_r_ _c_i_r_c_u_m_s_t_a_n_c_e_s_ _r_e_q_u_i_r_e c_i_r_c_u_m_s_t_a_n_c_e_s_ _r_e_q_u_i_r_e_ _a_n_i_m_a_t_i_n_g r_e_q_u_i_r_e_ _a_n_i_m_a_t_i_n_g_ _n_u_m_b_e_r a_n_i_m_a_t_i_n_g_ _n_u_m_b_e_r_ _c_h_a_r_a_c_t_e_r_s n_u_m_b_e_r_ _c_h_a_r_a_c_t_e_r_s_ _r_e_a_l c_h_a_r_a_c_t_e_r_s_ _r_e_a_l_ _t_i_m_e,0,0,,
vertex transformations can be easily implemented in the graphic card,data,v_e_r_t_e_x t_r_a_n_s_f_o_r_m_a_t_i_o_n_s e_a_s_i_l_y i_m_p_l_e_m_e_n_t_e_d g_r_a_p_h_i_c c_a_r_d,v_e_r_t_e_x_ _t_r_a_n_s_f_o_r_m_a_t_i_o_n_s t_r_a_n_s_f_o_r_m_a_t_i_o_n_s_ _e_a_s_i_l_y e_a_s_i_l_y_ _i_m_p_l_e_m_e_n_t_e_d i_m_p_l_e_m_e_n_t_e_d_ _g_r_a_p_h_i_c g_r_a_p_h_i_c_ _c_a_r_d,v_e_r_t_e_x_ _t_r_a_n_s_f_o_r_m_a_t_i_o_n_s_ _e_a_s_i_l_y t_r_a_n_s_f_o_r_m_a_t_i_o_n_s_ _e_a_s_i_l_y_ _i_m_p_l_e_m_e_n_t_e_d e_a_s_i_l_y_ _i_m_p_l_e_m_e_n_t_e_d_ _g_r_a_p_h_i_c i_m_p_l_e_m_e_n_t_e_d_ _g_r_a_p_h_i_c_ _c_a_r_d,0,0,can,
the domain of adjusting one vertex in this way is strictly limited to the linear subspace formed by the vertex as transformed by joints influencing this vertex,background_claim,d_o_m_a_i_n a_d_j_u_s_t_i_n_g v_e_r_t_e_x w_a_y s_t_r_i_c_t_l_y l_i_m_i_t_e_d l_i_n_e_a_r s_u_b_s_p_a_c_e f_o_r_m_e_d v_e_r_t_e_x t_r_a_n_s_f_o_r_m_e_d j_o_i_n_t_s i_n_f_l_u_e_n_c_i_n_g v_e_r_t_e_x,d_o_m_a_i_n_ _a_d_j_u_s_t_i_n_g a_d_j_u_s_t_i_n_g_ _v_e_r_t_e_x v_e_r_t_e_x_ _w_a_y w_a_y_ _s_t_r_i_c_t_l_y s_t_r_i_c_t_l_y_ _l_i_m_i_t_e_d l_i_m_i_t_e_d_ _l_i_n_e_a_r l_i_n_e_a_r_ _s_u_b_s_p_a_c_e s_u_b_s_p_a_c_e_ _f_o_r_m_e_d f_o_r_m_e_d_ _v_e_r_t_e_x v_e_r_t_e_x_ _t_r_a_n_s_f_o_r_m_e_d t_r_a_n_s_f_o_r_m_e_d_ _j_o_i_n_t_s j_o_i_n_t_s_ _i_n_f_l_u_e_n_c_i_n_g i_n_f_l_u_e_n_c_i_n_g_ _v_e_r_t_e_x,d_o_m_a_i_n_ _a_d_j_u_s_t_i_n_g_ _v_e_r_t_e_x a_d_j_u_s_t_i_n_g_ _v_e_r_t_e_x_ _w_a_y v_e_r_t_e_x_ _w_a_y_ _s_t_r_i_c_t_l_y w_a_y_ _s_t_r_i_c_t_l_y_ _l_i_m_i_t_e_d s_t_r_i_c_t_l_y_ _l_i_m_i_t_e_d_ _l_i_n_e_a_r l_i_m_i_t_e_d_ _l_i_n_e_a_r_ _s_u_b_s_p_a_c_e l_i_n_e_a_r_ _s_u_b_s_p_a_c_e_ _f_o_r_m_e_d s_u_b_s_p_a_c_e_ _f_o_r_m_e_d_ _v_e_r_t_e_x f_o_r_m_e_d_ _v_e_r_t_e_x_ _t_r_a_n_s_f_o_r_m_e_d v_e_r_t_e_x_ _t_r_a_n_s_f_o_r_m_e_d_ _j_o_i_n_t_s t_r_a_n_s_f_o_r_m_e_d_ _j_o_i_n_t_s_ _i_n_f_l_u_e_n_c_i_n_g j_o_i_n_t_s_ _i_n_f_l_u_e_n_c_i_n_g_ _v_e_r_t_e_x,0,0,,
"When a character goes wrong in some pose, animators can adjust joint influence weights",background_claim,c_h_a_r_a_c_t_e_r g_o_e_s w_r_o_n_g p_o_s_e a_n_i_m_a_t_o_r_s a_d_j_u_s_t j_o_i_n_t i_n_f_l_u_e_n_c_e w_e_i_g_h_t_s,c_h_a_r_a_c_t_e_r_ _g_o_e_s g_o_e_s_ _w_r_o_n_g w_r_o_n_g_ _p_o_s_e p_o_s_e_ _a_n_i_m_a_t_o_r_s a_n_i_m_a_t_o_r_s_ _a_d_j_u_s_t a_d_j_u_s_t_ _j_o_i_n_t j_o_i_n_t_ _i_n_f_l_u_e_n_c_e i_n_f_l_u_e_n_c_e_ _w_e_i_g_h_t_s,c_h_a_r_a_c_t_e_r_ _g_o_e_s_ _w_r_o_n_g g_o_e_s_ _w_r_o_n_g_ _p_o_s_e w_r_o_n_g_ _p_o_s_e_ _a_n_i_m_a_t_o_r_s p_o_s_e_ _a_n_i_m_a_t_o_r_s_ _a_d_j_u_s_t a_n_i_m_a_t_o_r_s_ _a_d_j_u_s_t_ _j_o_i_n_t a_d_j_u_s_t_ _j_o_i_n_t_ _i_n_f_l_u_e_n_c_e j_o_i_n_t_ _i_n_f_l_u_e_n_c_e_ _w_e_i_g_h_t_s,0,0,can,
SSD cannot synthesize many parts of a character skin involving complicated joint structures,background_claim,s_s_d s_y_n_t_h_e_s_i_z_e p_a_r_t_s c_h_a_r_a_c_t_e_r s_k_i_n i_n_v_o_l_v_i_n_g c_o_m_p_l_i_c_a_t_e_d j_o_i_n_t s_t_r_u_c_t_u_r_e_s,s_s_d_ _s_y_n_t_h_e_s_i_z_e s_y_n_t_h_e_s_i_z_e_ _p_a_r_t_s p_a_r_t_s_ _c_h_a_r_a_c_t_e_r c_h_a_r_a_c_t_e_r_ _s_k_i_n s_k_i_n_ _i_n_v_o_l_v_i_n_g i_n_v_o_l_v_i_n_g_ _c_o_m_p_l_i_c_a_t_e_d c_o_m_p_l_i_c_a_t_e_d_ _j_o_i_n_t j_o_i_n_t_ _s_t_r_u_c_t_u_r_e_s,s_s_d_ _s_y_n_t_h_e_s_i_z_e_ _p_a_r_t_s s_y_n_t_h_e_s_i_z_e_ _p_a_r_t_s_ _c_h_a_r_a_c_t_e_r p_a_r_t_s_ _c_h_a_r_a_c_t_e_r_ _s_k_i_n c_h_a_r_a_c_t_e_r_ _s_k_i_n_ _i_n_v_o_l_v_i_n_g s_k_i_n_ _i_n_v_o_l_v_i_n_g_ _c_o_m_p_l_i_c_a_t_e_d i_n_v_o_l_v_i_n_g_ _c_o_m_p_l_i_c_a_t_e_d_ _j_o_i_n_t c_o_m_p_l_i_c_a_t_e_d_ _j_o_i_n_t_ _s_t_r_u_c_t_u_r_e_s,0,0,can,not
deforming is limited to a linear subspace,background_claim,d_e_f_o_r_m_i_n_g l_i_m_i_t_e_d l_i_n_e_a_r s_u_b_s_p_a_c_e,d_e_f_o_r_m_i_n_g_ _l_i_m_i_t_e_d l_i_m_i_t_e_d_ _l_i_n_e_a_r l_i_n_e_a_r_ _s_u_b_s_p_a_c_e,d_e_f_o_r_m_i_n_g_ _l_i_m_i_t_e_d_ _l_i_n_e_a_r l_i_m_i_t_e_d_ _l_i_n_e_a_r_ _s_u_b_s_p_a_c_e,0,0,,
[ 1 ],data,1,,,0,0,,
a combination of SSD and shape blending providing nice solution to above mentioned problems,background_claim,c_o_m_b_i_n_a_t_i_o_n s_s_d s_h_a_p_e b_l_e_n_d_i_n_g p_r_o_v_i_d_i_n_g n_i_c_e s_o_l_u_t_i_o_n m_e_n_t_i_o_n_e_d p_r_o_b_l_e_m_s,c_o_m_b_i_n_a_t_i_o_n_ _s_s_d s_s_d_ _s_h_a_p_e s_h_a_p_e_ _b_l_e_n_d_i_n_g b_l_e_n_d_i_n_g_ _p_r_o_v_i_d_i_n_g p_r_o_v_i_d_i_n_g_ _n_i_c_e n_i_c_e_ _s_o_l_u_t_i_o_n s_o_l_u_t_i_o_n_ _m_e_n_t_i_o_n_e_d m_e_n_t_i_o_n_e_d_ _p_r_o_b_l_e_m_s,c_o_m_b_i_n_a_t_i_o_n_ _s_s_d_ _s_h_a_p_e s_s_d_ _s_h_a_p_e_ _b_l_e_n_d_i_n_g s_h_a_p_e_ _b_l_e_n_d_i_n_g_ _p_r_o_v_i_d_i_n_g b_l_e_n_d_i_n_g_ _p_r_o_v_i_d_i_n_g_ _n_i_c_e p_r_o_v_i_d_i_n_g_ _n_i_c_e_ _s_o_l_u_t_i_o_n n_i_c_e_ _s_o_l_u_t_i_o_n_ _m_e_n_t_i_o_n_e_d s_o_l_u_t_i_o_n_ _m_e_n_t_i_o_n_e_d_ _p_r_o_b_l_e_m_s,0,0,,
[ 1 ],data,1,,,0,0,,
PSD and improved example-based schemes have been discussed in many publications,background_claim,p_s_d i_m_p_r_o_v_e_d e_x_a_m_p_l_e b_a_s_e_d s_c_h_e_m_e_s d_i_s_c_u_s_s_e_d p_u_b_l_i_c_a_t_i_o_n_s,p_s_d_ _i_m_p_r_o_v_e_d i_m_p_r_o_v_e_d_ _e_x_a_m_p_l_e e_x_a_m_p_l_e_ _b_a_s_e_d b_a_s_e_d_ _s_c_h_e_m_e_s s_c_h_e_m_e_s_ _d_i_s_c_u_s_s_e_d d_i_s_c_u_s_s_e_d_ _p_u_b_l_i_c_a_t_i_o_n_s,p_s_d_ _i_m_p_r_o_v_e_d_ _e_x_a_m_p_l_e i_m_p_r_o_v_e_d_ _e_x_a_m_p_l_e_ _b_a_s_e_d e_x_a_m_p_l_e_ _b_a_s_e_d_ _s_c_h_e_m_e_s b_a_s_e_d_ _s_c_h_e_m_e_s_ _d_i_s_c_u_s_s_e_d s_c_h_e_m_e_s_ _d_i_s_c_u_s_s_e_d_ _p_u_b_l_i_c_a_t_i_o_n_s,0,0,,
[ 2 ],data,2,,,0,0,,
[ 3 ],data,3,,,0,0,,
[ 4 ],data,4,,,0,0,,
the reason why the inverse should be performed is still ambiguous,own_claim,r_e_a_s_o_n i_n_v_e_r_s_e p_e_r_f_o_r_m_e_d a_m_b_i_g_u_o_u_s,r_e_a_s_o_n_ _i_n_v_e_r_s_e i_n_v_e_r_s_e_ _p_e_r_f_o_r_m_e_d p_e_r_f_o_r_m_e_d_ _a_m_b_i_g_u_o_u_s,r_e_a_s_o_n_ _i_n_v_e_r_s_e_ _p_e_r_f_o_r_m_e_d i_n_v_e_r_s_e_ _p_e_r_f_o_r_m_e_d_ _a_m_b_i_g_u_o_u_s,0,0,should,
inverting the SSD (and other deformations) in order to interpolate the examples in the rest pose is a the right choice,own_claim,i_n_v_e_r_t_i_n_g s_s_d d_e_f_o_r_m_a_t_i_o_n_s o_r_d_e_r i_n_t_e_r_p_o_l_a_t_e e_x_a_m_p_l_e_s r_e_s_t p_o_s_e r_i_g_h_t c_h_o_i_c_e,i_n_v_e_r_t_i_n_g_ _s_s_d s_s_d_ _d_e_f_o_r_m_a_t_i_o_n_s d_e_f_o_r_m_a_t_i_o_n_s_ _o_r_d_e_r o_r_d_e_r_ _i_n_t_e_r_p_o_l_a_t_e i_n_t_e_r_p_o_l_a_t_e_ _e_x_a_m_p_l_e_s e_x_a_m_p_l_e_s_ _r_e_s_t r_e_s_t_ _p_o_s_e p_o_s_e_ _r_i_g_h_t r_i_g_h_t_ _c_h_o_i_c_e,i_n_v_e_r_t_i_n_g_ _s_s_d_ _d_e_f_o_r_m_a_t_i_o_n_s s_s_d_ _d_e_f_o_r_m_a_t_i_o_n_s_ _o_r_d_e_r d_e_f_o_r_m_a_t_i_o_n_s_ _o_r_d_e_r_ _i_n_t_e_r_p_o_l_a_t_e o_r_d_e_r_ _i_n_t_e_r_p_o_l_a_t_e_ _e_x_a_m_p_l_e_s i_n_t_e_r_p_o_l_a_t_e_ _e_x_a_m_p_l_e_s_ _r_e_s_t e_x_a_m_p_l_e_s_ _r_e_s_t_ _p_o_s_e r_e_s_t_ _p_o_s_e_ _r_i_g_h_t p_o_s_e_ _r_i_g_h_t_ _c_h_o_i_c_e,0,0,,
it is an improvement,own_claim,i_m_p_r_o_v_e_m_e_n_t,,,0,0,,
the superiority of the inverse method,own_claim,s_u_p_e_r_i_o_r_i_t_y i_n_v_e_r_s_e m_e_t_h_o_d,s_u_p_e_r_i_o_r_i_t_y_ _i_n_v_e_r_s_e i_n_v_e_r_s_e_ _m_e_t_h_o_d,s_u_p_e_r_i_o_r_i_t_y_ _i_n_v_e_r_s_e_ _m_e_t_h_o_d,0,0,,
SSD −1 simply is the inverse transformation matrix generated by SSD,own_claim,s_s_d −_1 s_i_m_p_l_y i_n_v_e_r_s_e t_r_a_n_s_f_o_r_m_a_t_i_o_n m_a_t_r_i_x g_e_n_e_r_a_t_e_d s_s_d,s_s_d_ _−_1 −_1_ _s_i_m_p_l_y s_i_m_p_l_y_ _i_n_v_e_r_s_e i_n_v_e_r_s_e_ _t_r_a_n_s_f_o_r_m_a_t_i_o_n t_r_a_n_s_f_o_r_m_a_t_i_o_n_ _m_a_t_r_i_x m_a_t_r_i_x_ _g_e_n_e_r_a_t_e_d g_e_n_e_r_a_t_e_d_ _s_s_d,s_s_d_ _−_1_ _s_i_m_p_l_y −_1_ _s_i_m_p_l_y_ _i_n_v_e_r_s_e s_i_m_p_l_y_ _i_n_v_e_r_s_e_ _t_r_a_n_s_f_o_r_m_a_t_i_o_n i_n_v_e_r_s_e_ _t_r_a_n_s_f_o_r_m_a_t_i_o_n_ _m_a_t_r_i_x t_r_a_n_s_f_o_r_m_a_t_i_o_n_ _m_a_t_r_i_x_ _g_e_n_e_r_a_t_e_d m_a_t_r_i_x_ _g_e_n_e_r_a_t_e_d_ _s_s_d,0,0,,
SSD is a 3D transformation,data,s_s_d 3_d t_r_a_n_s_f_o_r_m_a_t_i_o_n,s_s_d_ _3_d 3_d_ _t_r_a_n_s_f_o_r_m_a_t_i_o_n,s_s_d_ _3_d_ _t_r_a_n_s_f_o_r_m_a_t_i_o_n,0,0,,
the inverse method is superior,own_claim,i_n_v_e_r_s_e m_e_t_h_o_d s_u_p_e_r_i_o_r,i_n_v_e_r_s_e_ _m_e_t_h_o_d m_e_t_h_o_d_ _s_u_p_e_r_i_o_r,i_n_v_e_r_s_e_ _m_e_t_h_o_d_ _s_u_p_e_r_i_o_r,0,0,,
Taking the model in rest pose as an example is a common practice when applying shape interpolation,background_claim,t_a_k_i_n_g m_o_d_e_l r_e_s_t p_o_s_e e_x_a_m_p_l_e c_o_m_m_o_n p_r_a_c_t_i_c_e a_p_p_l_y_i_n_g s_h_a_p_e i_n_t_e_r_p_o_l_a_t_i_o_n,t_a_k_i_n_g_ _m_o_d_e_l m_o_d_e_l_ _r_e_s_t r_e_s_t_ _p_o_s_e p_o_s_e_ _e_x_a_m_p_l_e e_x_a_m_p_l_e_ _c_o_m_m_o_n c_o_m_m_o_n_ _p_r_a_c_t_i_c_e p_r_a_c_t_i_c_e_ _a_p_p_l_y_i_n_g a_p_p_l_y_i_n_g_ _s_h_a_p_e s_h_a_p_e_ _i_n_t_e_r_p_o_l_a_t_i_o_n,t_a_k_i_n_g_ _m_o_d_e_l_ _r_e_s_t m_o_d_e_l_ _r_e_s_t_ _p_o_s_e r_e_s_t_ _p_o_s_e_ _e_x_a_m_p_l_e p_o_s_e_ _e_x_a_m_p_l_e_ _c_o_m_m_o_n e_x_a_m_p_l_e_ _c_o_m_m_o_n_ _p_r_a_c_t_i_c_e c_o_m_m_o_n_ _p_r_a_c_t_i_c_e_ _a_p_p_l_y_i_n_g p_r_a_c_t_i_c_e_ _a_p_p_l_y_i_n_g_ _s_h_a_p_e a_p_p_l_y_i_n_g_ _s_h_a_p_e_ _i_n_t_e_r_p_o_l_a_t_i_o_n,0,0,,
interpolating effects from other examples should not change the original model in rest pose,background_claim,i_n_t_e_r_p_o_l_a_t_i_n_g e_f_f_e_c_t_s e_x_a_m_p_l_e_s c_h_a_n_g_e o_r_i_g_i_n_a_l m_o_d_e_l r_e_s_t p_o_s_e,i_n_t_e_r_p_o_l_a_t_i_n_g_ _e_f_f_e_c_t_s e_f_f_e_c_t_s_ _e_x_a_m_p_l_e_s e_x_a_m_p_l_e_s_ _c_h_a_n_g_e c_h_a_n_g_e_ _o_r_i_g_i_n_a_l o_r_i_g_i_n_a_l_ _m_o_d_e_l m_o_d_e_l_ _r_e_s_t r_e_s_t_ _p_o_s_e,i_n_t_e_r_p_o_l_a_t_i_n_g_ _e_f_f_e_c_t_s_ _e_x_a_m_p_l_e_s e_f_f_e_c_t_s_ _e_x_a_m_p_l_e_s_ _c_h_a_n_g_e e_x_a_m_p_l_e_s_ _c_h_a_n_g_e_ _o_r_i_g_i_n_a_l c_h_a_n_g_e_ _o_r_i_g_i_n_a_l_ _m_o_d_e_l o_r_i_g_i_n_a_l_ _m_o_d_e_l_ _r_e_s_t m_o_d_e_l_ _r_e_s_t_ _p_o_s_e,0,1,should,not
"we have: ω 1x = φ 11 −1 d 1x + φ 12 −1 d 2x = φ 12 −1 d 2x ω 2x = φ 21 −1 d 1x + φ 22 −1 d 2x = φ 22 −1 d 2x = d 2x ω 1y = φ 11 −1 d 1y + φ 12 −1 d 2y = φ 12 −1 d 2y ω 2y = φ 21 −1 d 1y + φ 22 −1 d 2y = φ 22 −1 d 2y = d 2y where φ i −1 j is the (i, j)th element of Φ −1",own_claim,ω 1_x = φ 1_1 −_1 d 1_x + φ 1_2 −_1 d 2_x = φ 1_2 −_1 d 2_x ω 2_x = φ 2_1 −_1 d 1_x + φ 2_2 −_1 d 2_x = φ 2_2 −_1 d 2_x = d 2_x ω 1_y = φ 1_1 −_1 d 1_y + φ 1_2 −_1 d 2_y = φ 1_2 −_1 d 2_y ω 2_y = φ 2_1 −_1 d 1_y + φ 2_2 −_1 d 2_y = φ 2_2 −_1 d 2_y = d 2_y φ −_1 j j_)_t_h e_l_e_m_e_n_t φ −_1,ω_ _1_x 1_x_ _= =_ _φ φ_ _1_1 1_1_ _−_1 −_1_ _d d_ _1_x 1_x_ _+ +_ _φ φ_ _1_2 1_2_ _−_1 −_1_ _d d_ _2_x 2_x_ _= =_ _φ φ_ _1_2 1_2_ _−_1 −_1_ _d d_ _2_x 2_x_ _ω ω_ _2_x 2_x_ _= =_ _φ φ_ _2_1 2_1_ _−_1 −_1_ _d d_ _1_x 1_x_ _+ +_ _φ φ_ _2_2 2_2_ _−_1 −_1_ _d d_ _2_x 2_x_ _= =_ _φ φ_ _2_2 2_2_ _−_1 −_1_ _d d_ _2_x 2_x_ _= =_ _d d_ _2_x 2_x_ _ω ω_ _1_y 1_y_ _= =_ _φ φ_ _1_1 1_1_ _−_1 −_1_ _d d_ _1_y 1_y_ _+ +_ _φ φ_ _1_2 1_2_ _−_1 −_1_ _d d_ _2_y 2_y_ _= =_ _φ φ_ _1_2 1_2_ _−_1 −_1_ _d d_ _2_y 2_y_ _ω ω_ _2_y 2_y_ _= =_ _φ φ_ _2_1 2_1_ _−_1 −_1_ _d d_ _1_y 1_y_ _+ +_ _φ φ_ _2_2 2_2_ _−_1 −_1_ _d d_ _2_y 2_y_ _= =_ _φ φ_ _2_2 2_2_ _−_1 −_1_ _d d_ _2_y 2_y_ _= =_ _d d_ _2_y 2_y_ _φ φ_ _−_1 −_1_ _j j_ _j_)_t_h j_)_t_h_ _e_l_e_m_e_n_t e_l_e_m_e_n_t_ _φ φ_ _−_1,ω_ _1_x_ _= 1_x_ _=_ _φ =_ _φ_ _1_1 φ_ _1_1_ _−_1 1_1_ _−_1_ _d −_1_ _d_ _1_x d_ _1_x_ _+ 1_x_ _+_ _φ +_ _φ_ _1_2 φ_ _1_2_ _−_1 1_2_ _−_1_ _d −_1_ _d_ _2_x d_ _2_x_ _= 2_x_ _=_ _φ =_ _φ_ _1_2 φ_ _1_2_ _−_1 1_2_ _−_1_ _d −_1_ _d_ _2_x d_ _2_x_ _ω 2_x_ _ω_ _2_x ω_ _2_x_ _= 2_x_ _=_ _φ =_ _φ_ _2_1 φ_ _2_1_ _−_1 2_1_ _−_1_ _d −_1_ _d_ _1_x d_ _1_x_ _+ 1_x_ _+_ _φ +_ _φ_ _2_2 φ_ _2_2_ _−_1 2_2_ _−_1_ _d −_1_ _d_ _2_x d_ _2_x_ _= 2_x_ _=_ _φ =_ _φ_ _2_2 φ_ _2_2_ _−_1 2_2_ _−_1_ _d −_1_ _d_ _2_x d_ _2_x_ _= 2_x_ _=_ _d =_ _d_ _2_x d_ _2_x_ _ω 2_x_ _ω_ _1_y ω_ _1_y_ _= 1_y_ _=_ _φ =_ _φ_ _1_1 φ_ _1_1_ _−_1 1_1_ _−_1_ _d −_1_ _d_ _1_y d_ _1_y_ _+ 1_y_ _+_ _φ +_ _φ_ _1_2 φ_ _1_2_ _−_1 1_2_ _−_1_ _d −_1_ _d_ _2_y d_ _2_y_ _= 2_y_ _=_ _φ =_ _φ_ _1_2 φ_ _1_2_ _−_1 1_2_ _−_1_ _d −_1_ _d_ _2_y d_ _2_y_ _ω 2_y_ _ω_ _2_y ω_ _2_y_ _= 2_y_ _=_ _φ =_ _φ_ _2_1 φ_ _2_1_ _−_1 2_1_ _−_1_ _d −_1_ _d_ _1_y d_ _1_y_ _+ 1_y_ _+_ _φ +_ _φ_ _2_2 φ_ _2_2_ _−_1 2_2_ _−_1_ _d −_1_ _d_ _2_y d_ _2_y_ _= 2_y_ _=_ _φ =_ _φ_ _2_2 φ_ _2_2_ _−_1 2_2_ _−_1_ _d −_1_ _d_ _2_y d_ _2_y_ _= 2_y_ _=_ _d =_ _d_ _2_y d_ _2_y_ _φ 2_y_ _φ_ _−_1 φ_ _−_1_ _j −_1_ _j_ _j_)_t_h j_ _j_)_t_h_ _e_l_e_m_e_n_t j_)_t_h_ _e_l_e_m_e_n_t_ _φ e_l_e_m_e_n_t_ _φ_ _−_1,0,0,,
we simplify SSD as a rotation transformation ignoring other issues such as accumulating effects from the first joint,own_claim,s_i_m_p_l_i_f_y s_s_d r_o_t_a_t_i_o_n t_r_a_n_s_f_o_r_m_a_t_i_o_n i_g_n_o_r_i_n_g i_s_s_u_e_s a_c_c_u_m_u_l_a_t_i_n_g e_f_f_e_c_t_s j_o_i_n_t,s_i_m_p_l_i_f_y_ _s_s_d s_s_d_ _r_o_t_a_t_i_o_n r_o_t_a_t_i_o_n_ _t_r_a_n_s_f_o_r_m_a_t_i_o_n t_r_a_n_s_f_o_r_m_a_t_i_o_n_ _i_g_n_o_r_i_n_g i_g_n_o_r_i_n_g_ _i_s_s_u_e_s i_s_s_u_e_s_ _a_c_c_u_m_u_l_a_t_i_n_g a_c_c_u_m_u_l_a_t_i_n_g_ _e_f_f_e_c_t_s e_f_f_e_c_t_s_ _j_o_i_n_t,s_i_m_p_l_i_f_y_ _s_s_d_ _r_o_t_a_t_i_o_n s_s_d_ _r_o_t_a_t_i_o_n_ _t_r_a_n_s_f_o_r_m_a_t_i_o_n r_o_t_a_t_i_o_n_ _t_r_a_n_s_f_o_r_m_a_t_i_o_n_ _i_g_n_o_r_i_n_g t_r_a_n_s_f_o_r_m_a_t_i_o_n_ _i_g_n_o_r_i_n_g_ _i_s_s_u_e_s i_g_n_o_r_i_n_g_ _i_s_s_u_e_s_ _a_c_c_u_m_u_l_a_t_i_n_g i_s_s_u_e_s_ _a_c_c_u_m_u_l_a_t_i_n_g_ _e_f_f_e_c_t_s a_c_c_u_m_u_l_a_t_i_n_g_ _e_f_f_e_c_t_s_ _j_o_i_n_t,0,0,,
only the second joint is rotating,own_claim,s_e_c_o_n_d j_o_i_n_t r_o_t_a_t_i_n_g,s_e_c_o_n_d_ _j_o_i_n_t j_o_i_n_t_ _r_o_t_a_t_i_n_g,s_e_c_o_n_d_ _j_o_i_n_t_ _r_o_t_a_t_i_n_g,0,0,,
"in forward case, the direction of deformed vertex always keeps the same with the example cylinder",own_claim,f_o_r_w_a_r_d c_a_s_e d_i_r_e_c_t_i_o_n d_e_f_o_r_m_e_d v_e_r_t_e_x k_e_e_p_s e_x_a_m_p_l_e c_y_l_i_n_d_e_r,f_o_r_w_a_r_d_ _c_a_s_e c_a_s_e_ _d_i_r_e_c_t_i_o_n d_i_r_e_c_t_i_o_n_ _d_e_f_o_r_m_e_d d_e_f_o_r_m_e_d_ _v_e_r_t_e_x v_e_r_t_e_x_ _k_e_e_p_s k_e_e_p_s_ _e_x_a_m_p_l_e e_x_a_m_p_l_e_ _c_y_l_i_n_d_e_r,f_o_r_w_a_r_d_ _c_a_s_e_ _d_i_r_e_c_t_i_o_n c_a_s_e_ _d_i_r_e_c_t_i_o_n_ _d_e_f_o_r_m_e_d d_i_r_e_c_t_i_o_n_ _d_e_f_o_r_m_e_d_ _v_e_r_t_e_x d_e_f_o_r_m_e_d_ _v_e_r_t_e_x_ _k_e_e_p_s v_e_r_t_e_x_ _k_e_e_p_s_ _e_x_a_m_p_l_e k_e_e_p_s_ _e_x_a_m_p_l_e_ _c_y_l_i_n_d_e_r,0,0,,
( figure 4 ),data,f_i_g_u_r_e 4,f_i_g_u_r_e_ _4,,0,0,,
"For inverse PSD however, that direction is changed along with the rotation of the joint",own_claim,i_n_v_e_r_s_e p_s_d d_i_r_e_c_t_i_o_n c_h_a_n_g_e_d r_o_t_a_t_i_o_n j_o_i_n_t,i_n_v_e_r_s_e_ _p_s_d p_s_d_ _d_i_r_e_c_t_i_o_n d_i_r_e_c_t_i_o_n_ _c_h_a_n_g_e_d c_h_a_n_g_e_d_ _r_o_t_a_t_i_o_n r_o_t_a_t_i_o_n_ _j_o_i_n_t,i_n_v_e_r_s_e_ _p_s_d_ _d_i_r_e_c_t_i_o_n p_s_d_ _d_i_r_e_c_t_i_o_n_ _c_h_a_n_g_e_d d_i_r_e_c_t_i_o_n_ _c_h_a_n_g_e_d_ _r_o_t_a_t_i_o_n c_h_a_n_g_e_d_ _r_o_t_a_t_i_o_n_ _j_o_i_n_t,0,0,,
PSD is supposed to be a method as “local” correction,own_claim,p_s_d s_u_p_p_o_s_e_d m_e_t_h_o_d l_o_c_a_l c_o_r_r_e_c_t_i_o_n,p_s_d_ _s_u_p_p_o_s_e_d s_u_p_p_o_s_e_d_ _m_e_t_h_o_d m_e_t_h_o_d_ _l_o_c_a_l l_o_c_a_l_ _c_o_r_r_e_c_t_i_o_n,p_s_d_ _s_u_p_p_o_s_e_d_ _m_e_t_h_o_d s_u_p_p_o_s_e_d_ _m_e_t_h_o_d_ _l_o_c_a_l m_e_t_h_o_d_ _l_o_c_a_l_ _c_o_r_r_e_c_t_i_o_n,0,0,,
pose space should not be extended to a whole space that has to incorporate all influenced objects,own_claim,p_o_s_e s_p_a_c_e e_x_t_e_n_d_e_d s_p_a_c_e i_n_c_o_r_p_o_r_a_t_e i_n_f_l_u_e_n_c_e_d o_b_j_e_c_t_s,p_o_s_e_ _s_p_a_c_e s_p_a_c_e_ _e_x_t_e_n_d_e_d e_x_t_e_n_d_e_d_ _s_p_a_c_e s_p_a_c_e_ _i_n_c_o_r_p_o_r_a_t_e i_n_c_o_r_p_o_r_a_t_e_ _i_n_f_l_u_e_n_c_e_d i_n_f_l_u_e_n_c_e_d_ _o_b_j_e_c_t_s,p_o_s_e_ _s_p_a_c_e_ _e_x_t_e_n_d_e_d s_p_a_c_e_ _e_x_t_e_n_d_e_d_ _s_p_a_c_e e_x_t_e_n_d_e_d_ _s_p_a_c_e_ _i_n_c_o_r_p_o_r_a_t_e s_p_a_c_e_ _i_n_c_o_r_p_o_r_a_t_e_ _i_n_f_l_u_e_n_c_e_d i_n_c_o_r_p_o_r_a_t_e_ _i_n_f_l_u_e_n_c_e_d_ _o_b_j_e_c_t_s,0,1,should,not
a matter of experience,data,m_a_t_t_e_r e_x_p_e_r_i_e_n_c_e,m_a_t_t_e_r_ _e_x_p_e_r_i_e_n_c_e,,0,0,,
large amount of unnecessary works of building examples will be required,own_claim,l_a_r_g_e u_n_n_e_c_e_s_s_a_r_y w_o_r_k_s b_u_i_l_d_i_n_g e_x_a_m_p_l_e_s r_e_q_u_i_r_e_d,l_a_r_g_e_ _u_n_n_e_c_e_s_s_a_r_y u_n_n_e_c_e_s_s_a_r_y_ _w_o_r_k_s w_o_r_k_s_ _b_u_i_l_d_i_n_g b_u_i_l_d_i_n_g_ _e_x_a_m_p_l_e_s e_x_a_m_p_l_e_s_ _r_e_q_u_i_r_e_d,l_a_r_g_e_ _u_n_n_e_c_e_s_s_a_r_y_ _w_o_r_k_s u_n_n_e_c_e_s_s_a_r_y_ _w_o_r_k_s_ _b_u_i_l_d_i_n_g w_o_r_k_s_ _b_u_i_l_d_i_n_g_ _e_x_a_m_p_l_e_s b_u_i_l_d_i_n_g_ _e_x_a_m_p_l_e_s_ _r_e_q_u_i_r_e_d,0,0,will,
the distance between different poses is also meaningless,own_claim,d_i_s_t_a_n_c_e d_i_f_f_e_r_e_n_t p_o_s_e_s m_e_a_n_i_n_g_l_e_s_s,d_i_s_t_a_n_c_e_ _d_i_f_f_e_r_e_n_t d_i_f_f_e_r_e_n_t_ _p_o_s_e_s p_o_s_e_s_ _m_e_a_n_i_n_g_l_e_s_s,d_i_s_t_a_n_c_e_ _d_i_f_f_e_r_e_n_t_ _p_o_s_e_s d_i_f_f_e_r_e_n_t_ _p_o_s_e_s_ _m_e_a_n_i_n_g_l_e_s_s,0,0,,
most of which have been implemented in most animation packages,background_claim,i_m_p_l_e_m_e_n_t_e_d a_n_i_m_a_t_i_o_n p_a_c_k_a_g_e_s,i_m_p_l_e_m_e_n_t_e_d_ _a_n_i_m_a_t_i_o_n a_n_i_m_a_t_i_o_n_ _p_a_c_k_a_g_e_s,i_m_p_l_e_m_e_n_t_e_d_ _a_n_i_m_a_t_i_o_n_ _p_a_c_k_a_g_e_s,0,0,,
"in many circumstances, other deformation schemes will be adopted",background_claim,c_i_r_c_u_m_s_t_a_n_c_e_s d_e_f_o_r_m_a_t_i_o_n s_c_h_e_m_e_s a_d_o_p_t_e_d,c_i_r_c_u_m_s_t_a_n_c_e_s_ _d_e_f_o_r_m_a_t_i_o_n d_e_f_o_r_m_a_t_i_o_n_ _s_c_h_e_m_e_s s_c_h_e_m_e_s_ _a_d_o_p_t_e_d,c_i_r_c_u_m_s_t_a_n_c_e_s_ _d_e_f_o_r_m_a_t_i_o_n_ _s_c_h_e_m_e_s d_e_f_o_r_m_a_t_i_o_n_ _s_c_h_e_m_e_s_ _a_d_o_p_t_e_d,0,0,will,
[ 10 ],data,1_0,,,0,0,,
[ 9 ],data,9,,,0,0,,
we can deform the original character model from rest pose to another specific pose,own_claim,d_e_f_o_r_m o_r_i_g_i_n_a_l c_h_a_r_a_c_t_e_r m_o_d_e_l r_e_s_t p_o_s_e s_p_e_c_i_f_i_c p_o_s_e,d_e_f_o_r_m_ _o_r_i_g_i_n_a_l o_r_i_g_i_n_a_l_ _c_h_a_r_a_c_t_e_r c_h_a_r_a_c_t_e_r_ _m_o_d_e_l m_o_d_e_l_ _r_e_s_t r_e_s_t_ _p_o_s_e p_o_s_e_ _s_p_e_c_i_f_i_c s_p_e_c_i_f_i_c_ _p_o_s_e,d_e_f_o_r_m_ _o_r_i_g_i_n_a_l_ _c_h_a_r_a_c_t_e_r o_r_i_g_i_n_a_l_ _c_h_a_r_a_c_t_e_r_ _m_o_d_e_l c_h_a_r_a_c_t_e_r_ _m_o_d_e_l_ _r_e_s_t m_o_d_e_l_ _r_e_s_t_ _p_o_s_e r_e_s_t_ _p_o_s_e_ _s_p_e_c_i_f_i_c p_o_s_e_ _s_p_e_c_i_f_i_c_ _p_o_s_e,0,0,can,
One advantage of Powell’s classic method is that it does not need explicit computation of the function’s gradient,background_claim,a_d_v_a_n_t_a_g_e p_o_w_e_l_l c_l_a_s_s_i_c m_e_t_h_o_d n_e_e_d e_x_p_l_i_c_i_t c_o_m_p_u_t_a_t_i_o_n f_u_n_c_t_i_o_n g_r_a_d_i_e_n_t,a_d_v_a_n_t_a_g_e_ _p_o_w_e_l_l p_o_w_e_l_l_ _c_l_a_s_s_i_c c_l_a_s_s_i_c_ _m_e_t_h_o_d m_e_t_h_o_d_ _n_e_e_d n_e_e_d_ _e_x_p_l_i_c_i_t e_x_p_l_i_c_i_t_ _c_o_m_p_u_t_a_t_i_o_n c_o_m_p_u_t_a_t_i_o_n_ _f_u_n_c_t_i_o_n f_u_n_c_t_i_o_n_ _g_r_a_d_i_e_n_t,a_d_v_a_n_t_a_g_e_ _p_o_w_e_l_l_ _c_l_a_s_s_i_c p_o_w_e_l_l_ _c_l_a_s_s_i_c_ _m_e_t_h_o_d c_l_a_s_s_i_c_ _m_e_t_h_o_d_ _n_e_e_d m_e_t_h_o_d_ _n_e_e_d_ _e_x_p_l_i_c_i_t n_e_e_d_ _e_x_p_l_i_c_i_t_ _c_o_m_p_u_t_a_t_i_o_n e_x_p_l_i_c_i_t_ _c_o_m_p_u_t_a_t_i_o_n_ _f_u_n_c_t_i_o_n c_o_m_p_u_t_a_t_i_o_n_ _f_u_n_c_t_i_o_n_ _g_r_a_d_i_e_n_t,0,1,,not
[ 12 ],data,1_2,,,0,0,,
Powell’s method is suitable,own_claim,p_o_w_e_l_l m_e_t_h_o_d s_u_i_t_a_b_l_e,p_o_w_e_l_l_ _m_e_t_h_o_d m_e_t_h_o_d_ _s_u_i_t_a_b_l_e,p_o_w_e_l_l_ _m_e_t_h_o_d_ _s_u_i_t_a_b_l_e,0,0,,
"we are treating the skinning operations as a “black box”, their gradient is not available",data,t_r_e_a_t_i_n_g s_k_i_n_n_i_n_g o_p_e_r_a_t_i_o_n_s b_l_a_c_k b_o_x g_r_a_d_i_e_n_t a_v_a_i_l_a_b_l_e,t_r_e_a_t_i_n_g_ _s_k_i_n_n_i_n_g s_k_i_n_n_i_n_g_ _o_p_e_r_a_t_i_o_n_s o_p_e_r_a_t_i_o_n_s_ _b_l_a_c_k b_l_a_c_k_ _b_o_x b_o_x_ _g_r_a_d_i_e_n_t g_r_a_d_i_e_n_t_ _a_v_a_i_l_a_b_l_e,t_r_e_a_t_i_n_g_ _s_k_i_n_n_i_n_g_ _o_p_e_r_a_t_i_o_n_s s_k_i_n_n_i_n_g_ _o_p_e_r_a_t_i_o_n_s_ _b_l_a_c_k o_p_e_r_a_t_i_o_n_s_ _b_l_a_c_k_ _b_o_x b_l_a_c_k_ _b_o_x_ _g_r_a_d_i_e_n_t b_o_x_ _g_r_a_d_i_e_n_t_ _a_v_a_i_l_a_b_l_e,0,1,,not
"after repeated cycles of M line minimizations on conjugate directions, the optimization will in due course converge to the minimum",background_claim,r_e_p_e_a_t_e_d c_y_c_l_e_s m l_i_n_e m_i_n_i_m_i_z_a_t_i_o_n_s c_o_n_j_u_g_a_t_e d_i_r_e_c_t_i_o_n_s o_p_t_i_m_i_z_a_t_i_o_n c_o_u_r_s_e c_o_n_v_e_r_g_e m_i_n_i_m_u_m,r_e_p_e_a_t_e_d_ _c_y_c_l_e_s c_y_c_l_e_s_ _m m_ _l_i_n_e l_i_n_e_ _m_i_n_i_m_i_z_a_t_i_o_n_s m_i_n_i_m_i_z_a_t_i_o_n_s_ _c_o_n_j_u_g_a_t_e c_o_n_j_u_g_a_t_e_ _d_i_r_e_c_t_i_o_n_s d_i_r_e_c_t_i_o_n_s_ _o_p_t_i_m_i_z_a_t_i_o_n o_p_t_i_m_i_z_a_t_i_o_n_ _c_o_u_r_s_e c_o_u_r_s_e_ _c_o_n_v_e_r_g_e c_o_n_v_e_r_g_e_ _m_i_n_i_m_u_m,r_e_p_e_a_t_e_d_ _c_y_c_l_e_s_ _m c_y_c_l_e_s_ _m_ _l_i_n_e m_ _l_i_n_e_ _m_i_n_i_m_i_z_a_t_i_o_n_s l_i_n_e_ _m_i_n_i_m_i_z_a_t_i_o_n_s_ _c_o_n_j_u_g_a_t_e m_i_n_i_m_i_z_a_t_i_o_n_s_ _c_o_n_j_u_g_a_t_e_ _d_i_r_e_c_t_i_o_n_s c_o_n_j_u_g_a_t_e_ _d_i_r_e_c_t_i_o_n_s_ _o_p_t_i_m_i_z_a_t_i_o_n d_i_r_e_c_t_i_o_n_s_ _o_p_t_i_m_i_z_a_t_i_o_n_ _c_o_u_r_s_e o_p_t_i_m_i_z_a_t_i_o_n_ _c_o_u_r_s_e_ _c_o_n_v_e_r_g_e c_o_u_r_s_e_ _c_o_n_v_e_r_g_e_ _m_i_n_i_m_u_m,0,0,will,
[ 12 ],data,1_2,,,0,0,,
"If the SSD transformation in equation 1 is singular, some types of inverse PSD deformation will not be possible",own_claim,s_s_d t_r_a_n_s_f_o_r_m_a_t_i_o_n e_q_u_a_t_i_o_n 1 s_i_n_g_u_l_a_r t_y_p_e_s i_n_v_e_r_s_e p_s_d d_e_f_o_r_m_a_t_i_o_n p_o_s_s_i_b_l_e,s_s_d_ _t_r_a_n_s_f_o_r_m_a_t_i_o_n t_r_a_n_s_f_o_r_m_a_t_i_o_n_ _e_q_u_a_t_i_o_n e_q_u_a_t_i_o_n_ _1 1_ _s_i_n_g_u_l_a_r s_i_n_g_u_l_a_r_ _t_y_p_e_s t_y_p_e_s_ _i_n_v_e_r_s_e i_n_v_e_r_s_e_ _p_s_d p_s_d_ _d_e_f_o_r_m_a_t_i_o_n d_e_f_o_r_m_a_t_i_o_n_ _p_o_s_s_i_b_l_e,s_s_d_ _t_r_a_n_s_f_o_r_m_a_t_i_o_n_ _e_q_u_a_t_i_o_n t_r_a_n_s_f_o_r_m_a_t_i_o_n_ _e_q_u_a_t_i_o_n_ _1 e_q_u_a_t_i_o_n_ _1_ _s_i_n_g_u_l_a_r 1_ _s_i_n_g_u_l_a_r_ _t_y_p_e_s s_i_n_g_u_l_a_r_ _t_y_p_e_s_ _i_n_v_e_r_s_e t_y_p_e_s_ _i_n_v_e_r_s_e_ _p_s_d i_n_v_e_r_s_e_ _p_s_d_ _d_e_f_o_r_m_a_t_i_o_n p_s_d_ _d_e_f_o_r_m_a_t_i_o_n_ _p_o_s_s_i_b_l_e,0,1,will,not
any component of the desired deformation that lies in the null space of the SSD matrix will be ignored,data,c_o_m_p_o_n_e_n_t d_e_s_i_r_e_d d_e_f_o_r_m_a_t_i_o_n l_i_e_s n_u_l_l s_p_a_c_e s_s_d m_a_t_r_i_x i_g_n_o_r_e_d,c_o_m_p_o_n_e_n_t_ _d_e_s_i_r_e_d d_e_s_i_r_e_d_ _d_e_f_o_r_m_a_t_i_o_n d_e_f_o_r_m_a_t_i_o_n_ _l_i_e_s l_i_e_s_ _n_u_l_l n_u_l_l_ _s_p_a_c_e s_p_a_c_e_ _s_s_d s_s_d_ _m_a_t_r_i_x m_a_t_r_i_x_ _i_g_n_o_r_e_d,c_o_m_p_o_n_e_n_t_ _d_e_s_i_r_e_d_ _d_e_f_o_r_m_a_t_i_o_n d_e_s_i_r_e_d_ _d_e_f_o_r_m_a_t_i_o_n_ _l_i_e_s d_e_f_o_r_m_a_t_i_o_n_ _l_i_e_s_ _n_u_l_l l_i_e_s_ _n_u_l_l_ _s_p_a_c_e n_u_l_l_ _s_p_a_c_e_ _s_s_d s_p_a_c_e_ _s_s_d_ _m_a_t_r_i_x s_s_d_ _m_a_t_r_i_x_ _i_g_n_o_r_e_d,0,0,will,
singular cases are rare,own_claim,s_i_n_g_u_l_a_r c_a_s_e_s r_a_r_e,s_i_n_g_u_l_a_r_ _c_a_s_e_s c_a_s_e_s_ _r_a_r_e,s_i_n_g_u_l_a_r_ _c_a_s_e_s_ _r_a_r_e,0,0,,
it is possible to handle these cases with a small rearrangement of the inverse PSD approach,own_claim,p_o_s_s_i_b_l_e h_a_n_d_l_e c_a_s_e_s s_m_a_l_l r_e_a_r_r_a_n_g_e_m_e_n_t i_n_v_e_r_s_e p_s_d a_p_p_r_o_a_c_h,p_o_s_s_i_b_l_e_ _h_a_n_d_l_e h_a_n_d_l_e_ _c_a_s_e_s c_a_s_e_s_ _s_m_a_l_l s_m_a_l_l_ _r_e_a_r_r_a_n_g_e_m_e_n_t r_e_a_r_r_a_n_g_e_m_e_n_t_ _i_n_v_e_r_s_e i_n_v_e_r_s_e_ _p_s_d p_s_d_ _a_p_p_r_o_a_c_h,p_o_s_s_i_b_l_e_ _h_a_n_d_l_e_ _c_a_s_e_s h_a_n_d_l_e_ _c_a_s_e_s_ _s_m_a_l_l c_a_s_e_s_ _s_m_a_l_l_ _r_e_a_r_r_a_n_g_e_m_e_n_t s_m_a_l_l_ _r_e_a_r_r_a_n_g_e_m_e_n_t_ _i_n_v_e_r_s_e r_e_a_r_r_a_n_g_e_m_e_n_t_ _i_n_v_e_r_s_e_ _p_s_d i_n_v_e_r_s_e_ _p_s_d_ _a_p_p_r_o_a_c_h,0,0,,
"one example is a joint with 180 o rotation and equal 2 1 , 2 1 weights on the two joint frames, which is an unrealistic case of selfintersection",data,e_x_a_m_p_l_e j_o_i_n_t 1_8_0 o r_o_t_a_t_i_o_n e_q_u_a_l 2 1 2 1 w_e_i_g_h_t_s j_o_i_n_t f_r_a_m_e_s u_n_r_e_a_l_i_s_t_i_c c_a_s_e s_e_l_f_i_n_t_e_r_s_e_c_t_i_o_n,e_x_a_m_p_l_e_ _j_o_i_n_t j_o_i_n_t_ _1_8_0 1_8_0_ _o o_ _r_o_t_a_t_i_o_n r_o_t_a_t_i_o_n_ _e_q_u_a_l e_q_u_a_l_ _2 2_ _1 1_ _2 2_ _1 1_ _w_e_i_g_h_t_s w_e_i_g_h_t_s_ _j_o_i_n_t j_o_i_n_t_ _f_r_a_m_e_s f_r_a_m_e_s_ _u_n_r_e_a_l_i_s_t_i_c u_n_r_e_a_l_i_s_t_i_c_ _c_a_s_e c_a_s_e_ _s_e_l_f_i_n_t_e_r_s_e_c_t_i_o_n,e_x_a_m_p_l_e_ _j_o_i_n_t_ _1_8_0 j_o_i_n_t_ _1_8_0_ _o 1_8_0_ _o_ _r_o_t_a_t_i_o_n o_ _r_o_t_a_t_i_o_n_ _e_q_u_a_l r_o_t_a_t_i_o_n_ _e_q_u_a_l_ _2 e_q_u_a_l_ _2_ _1 2_ _1_ _2 1_ _2_ _1 2_ _1_ _w_e_i_g_h_t_s 1_ _w_e_i_g_h_t_s_ _j_o_i_n_t w_e_i_g_h_t_s_ _j_o_i_n_t_ _f_r_a_m_e_s j_o_i_n_t_ _f_r_a_m_e_s_ _u_n_r_e_a_l_i_s_t_i_c f_r_a_m_e_s_ _u_n_r_e_a_l_i_s_t_i_c_ _c_a_s_e u_n_r_e_a_l_i_s_t_i_c_ _c_a_s_e_ _s_e_l_f_i_n_t_e_r_s_e_c_t_i_o_n,0,0,,
it will be generally be zero,own_claim,g_e_n_e_r_a_l_l_y z_e_r_o,g_e_n_e_r_a_l_l_y_ _z_e_r_o,,0,0,will,
w i is being minimized,data,w m_i_n_i_m_i_z_e_d,w_ _m_i_n_i_m_i_z_e_d,,0,0,,
will be non-zero only if it is not possible to obtain the desired deformation v i using SKINNING i (v r + d i ),own_claim,n_o_n z_e_r_o p_o_s_s_i_b_l_e o_b_t_a_i_n d_e_s_i_r_e_d d_e_f_o_r_m_a_t_i_o_n v s_k_i_n_n_i_n_g v r + d,n_o_n_ _z_e_r_o z_e_r_o_ _p_o_s_s_i_b_l_e p_o_s_s_i_b_l_e_ _o_b_t_a_i_n o_b_t_a_i_n_ _d_e_s_i_r_e_d d_e_s_i_r_e_d_ _d_e_f_o_r_m_a_t_i_o_n d_e_f_o_r_m_a_t_i_o_n_ _v v_ _s_k_i_n_n_i_n_g s_k_i_n_n_i_n_g_ _v v_ _r r_ _+ +_ _d,n_o_n_ _z_e_r_o_ _p_o_s_s_i_b_l_e z_e_r_o_ _p_o_s_s_i_b_l_e_ _o_b_t_a_i_n p_o_s_s_i_b_l_e_ _o_b_t_a_i_n_ _d_e_s_i_r_e_d o_b_t_a_i_n_ _d_e_s_i_r_e_d_ _d_e_f_o_r_m_a_t_i_o_n d_e_s_i_r_e_d_ _d_e_f_o_r_m_a_t_i_o_n_ _v d_e_f_o_r_m_a_t_i_o_n_ _v_ _s_k_i_n_n_i_n_g v_ _s_k_i_n_n_i_n_g_ _v s_k_i_n_n_i_n_g_ _v_ _r v_ _r_ _+ r_ _+_ _d,0,1,will,not
Inverse skinning integrates SSD and shape interpolation more firmly than its forward rival.,own_claim,i_n_v_e_r_s_e s_k_i_n_n_i_n_g i_n_t_e_g_r_a_t_e_s s_s_d s_h_a_p_e i_n_t_e_r_p_o_l_a_t_i_o_n f_i_r_m_l_y f_o_r_w_a_r_d r_i_v_a_l,i_n_v_e_r_s_e_ _s_k_i_n_n_i_n_g s_k_i_n_n_i_n_g_ _i_n_t_e_g_r_a_t_e_s i_n_t_e_g_r_a_t_e_s_ _s_s_d s_s_d_ _s_h_a_p_e s_h_a_p_e_ _i_n_t_e_r_p_o_l_a_t_i_o_n i_n_t_e_r_p_o_l_a_t_i_o_n_ _f_i_r_m_l_y f_i_r_m_l_y_ _f_o_r_w_a_r_d f_o_r_w_a_r_d_ _r_i_v_a_l,i_n_v_e_r_s_e_ _s_k_i_n_n_i_n_g_ _i_n_t_e_g_r_a_t_e_s s_k_i_n_n_i_n_g_ _i_n_t_e_g_r_a_t_e_s_ _s_s_d i_n_t_e_g_r_a_t_e_s_ _s_s_d_ _s_h_a_p_e s_s_d_ _s_h_a_p_e_ _i_n_t_e_r_p_o_l_a_t_i_o_n s_h_a_p_e_ _i_n_t_e_r_p_o_l_a_t_i_o_n_ _f_i_r_m_l_y i_n_t_e_r_p_o_l_a_t_i_o_n_ _f_i_r_m_l_y_ _f_o_r_w_a_r_d f_i_r_m_l_y_ _f_o_r_w_a_r_d_ _r_i_v_a_l,0,0,,
the inverse approach presents better performance and more consistent interpolation,own_claim,i_n_v_e_r_s_e a_p_p_r_o_a_c_h p_r_e_s_e_n_t_s b_e_t_t_e_r p_e_r_f_o_r_m_a_n_c_e c_o_n_s_i_s_t_e_n_t i_n_t_e_r_p_o_l_a_t_i_o_n,i_n_v_e_r_s_e_ _a_p_p_r_o_a_c_h a_p_p_r_o_a_c_h_ _p_r_e_s_e_n_t_s p_r_e_s_e_n_t_s_ _b_e_t_t_e_r b_e_t_t_e_r_ _p_e_r_f_o_r_m_a_n_c_e p_e_r_f_o_r_m_a_n_c_e_ _c_o_n_s_i_s_t_e_n_t c_o_n_s_i_s_t_e_n_t_ _i_n_t_e_r_p_o_l_a_t_i_o_n,i_n_v_e_r_s_e_ _a_p_p_r_o_a_c_h_ _p_r_e_s_e_n_t_s a_p_p_r_o_a_c_h_ _p_r_e_s_e_n_t_s_ _b_e_t_t_e_r p_r_e_s_e_n_t_s_ _b_e_t_t_e_r_ _p_e_r_f_o_r_m_a_n_c_e b_e_t_t_e_r_ _p_e_r_f_o_r_m_a_n_c_e_ _c_o_n_s_i_s_t_e_n_t p_e_r_f_o_r_m_a_n_c_e_ _c_o_n_s_i_s_t_e_n_t_ _i_n_t_e_r_p_o_l_a_t_i_o_n,0,0,,
Figure 7 to Figure 10,data,f_i_g_u_r_e 7 f_i_g_u_r_e 1_0,f_i_g_u_r_e_ _7 7_ _f_i_g_u_r_e f_i_g_u_r_e_ _1_0,f_i_g_u_r_e_ _7_ _f_i_g_u_r_e 7_ _f_i_g_u_r_e_ _1_0,0,0,,
"the direction of deformed vertex in inverse skinning is linearly proportional to joint rotations in a simplified example, while the forward PSD does not incorporate the direction information",own_claim,d_i_r_e_c_t_i_o_n d_e_f_o_r_m_e_d v_e_r_t_e_x i_n_v_e_r_s_e s_k_i_n_n_i_n_g l_i_n_e_a_r_l_y p_r_o_p_o_r_t_i_o_n_a_l j_o_i_n_t r_o_t_a_t_i_o_n_s s_i_m_p_l_i_f_i_e_d e_x_a_m_p_l_e f_o_r_w_a_r_d p_s_d i_n_c_o_r_p_o_r_a_t_e d_i_r_e_c_t_i_o_n i_n_f_o_r_m_a_t_i_o_n,d_i_r_e_c_t_i_o_n_ _d_e_f_o_r_m_e_d d_e_f_o_r_m_e_d_ _v_e_r_t_e_x v_e_r_t_e_x_ _i_n_v_e_r_s_e i_n_v_e_r_s_e_ _s_k_i_n_n_i_n_g s_k_i_n_n_i_n_g_ _l_i_n_e_a_r_l_y l_i_n_e_a_r_l_y_ _p_r_o_p_o_r_t_i_o_n_a_l p_r_o_p_o_r_t_i_o_n_a_l_ _j_o_i_n_t j_o_i_n_t_ _r_o_t_a_t_i_o_n_s r_o_t_a_t_i_o_n_s_ _s_i_m_p_l_i_f_i_e_d s_i_m_p_l_i_f_i_e_d_ _e_x_a_m_p_l_e e_x_a_m_p_l_e_ _f_o_r_w_a_r_d f_o_r_w_a_r_d_ _p_s_d p_s_d_ _i_n_c_o_r_p_o_r_a_t_e i_n_c_o_r_p_o_r_a_t_e_ _d_i_r_e_c_t_i_o_n d_i_r_e_c_t_i_o_n_ _i_n_f_o_r_m_a_t_i_o_n,d_i_r_e_c_t_i_o_n_ _d_e_f_o_r_m_e_d_ _v_e_r_t_e_x d_e_f_o_r_m_e_d_ _v_e_r_t_e_x_ _i_n_v_e_r_s_e v_e_r_t_e_x_ _i_n_v_e_r_s_e_ _s_k_i_n_n_i_n_g i_n_v_e_r_s_e_ _s_k_i_n_n_i_n_g_ _l_i_n_e_a_r_l_y s_k_i_n_n_i_n_g_ _l_i_n_e_a_r_l_y_ _p_r_o_p_o_r_t_i_o_n_a_l l_i_n_e_a_r_l_y_ _p_r_o_p_o_r_t_i_o_n_a_l_ _j_o_i_n_t p_r_o_p_o_r_t_i_o_n_a_l_ _j_o_i_n_t_ _r_o_t_a_t_i_o_n_s j_o_i_n_t_ _r_o_t_a_t_i_o_n_s_ _s_i_m_p_l_i_f_i_e_d r_o_t_a_t_i_o_n_s_ _s_i_m_p_l_i_f_i_e_d_ _e_x_a_m_p_l_e s_i_m_p_l_i_f_i_e_d_ _e_x_a_m_p_l_e_ _f_o_r_w_a_r_d e_x_a_m_p_l_e_ _f_o_r_w_a_r_d_ _p_s_d f_o_r_w_a_r_d_ _p_s_d_ _i_n_c_o_r_p_o_r_a_t_e p_s_d_ _i_n_c_o_r_p_o_r_a_t_e_ _d_i_r_e_c_t_i_o_n i_n_c_o_r_p_o_r_a_t_e_ _d_i_r_e_c_t_i_o_n_ _i_n_f_o_r_m_a_t_i_o_n,0,1,,not
the minimizing process will introduce more cost,own_claim,m_i_n_i_m_i_z_i_n_g p_r_o_c_e_s_s i_n_t_r_o_d_u_c_e c_o_s_t,m_i_n_i_m_i_z_i_n_g_ _p_r_o_c_e_s_s p_r_o_c_e_s_s_ _i_n_t_r_o_d_u_c_e i_n_t_r_o_d_u_c_e_ _c_o_s_t,m_i_n_i_m_i_z_i_n_g_ _p_r_o_c_e_s_s_ _i_n_t_r_o_d_u_c_e p_r_o_c_e_s_s_ _i_n_t_r_o_d_u_c_e_ _c_o_s_t,0,0,will,
The cost of the inverse operation is not critical,own_claim,c_o_s_t i_n_v_e_r_s_e o_p_e_r_a_t_i_o_n c_r_i_t_i_c_a_l,c_o_s_t_ _i_n_v_e_r_s_e i_n_v_e_r_s_e_ _o_p_e_r_a_t_i_o_n o_p_e_r_a_t_i_o_n_ _c_r_i_t_i_c_a_l,c_o_s_t_ _i_n_v_e_r_s_e_ _o_p_e_r_a_t_i_o_n i_n_v_e_r_s_e_ _o_p_e_r_a_t_i_o_n_ _c_r_i_t_i_c_a_l,0,1,,not
it is a one time “setup” cost,own_claim,t_i_m_e s_e_t_u_p c_o_s_t,t_i_m_e_ _s_e_t_u_p s_e_t_u_p_ _c_o_s_t,t_i_m_e_ _s_e_t_u_p_ _c_o_s_t,0,0,,
the compute time is insignificant compared to the human time required to sculpt the desired deformations,own_claim,c_o_m_p_u_t_e t_i_m_e i_n_s_i_g_n_i_f_i_c_a_n_t c_o_m_p_a_r_e_d h_u_m_a_n t_i_m_e r_e_q_u_i_r_e_d s_c_u_l_p_t d_e_s_i_r_e_d d_e_f_o_r_m_a_t_i_o_n_s,c_o_m_p_u_t_e_ _t_i_m_e t_i_m_e_ _i_n_s_i_g_n_i_f_i_c_a_n_t i_n_s_i_g_n_i_f_i_c_a_n_t_ _c_o_m_p_a_r_e_d c_o_m_p_a_r_e_d_ _h_u_m_a_n h_u_m_a_n_ _t_i_m_e t_i_m_e_ _r_e_q_u_i_r_e_d r_e_q_u_i_r_e_d_ _s_c_u_l_p_t s_c_u_l_p_t_ _d_e_s_i_r_e_d d_e_s_i_r_e_d_ _d_e_f_o_r_m_a_t_i_o_n_s,c_o_m_p_u_t_e_ _t_i_m_e_ _i_n_s_i_g_n_i_f_i_c_a_n_t t_i_m_e_ _i_n_s_i_g_n_i_f_i_c_a_n_t_ _c_o_m_p_a_r_e_d i_n_s_i_g_n_i_f_i_c_a_n_t_ _c_o_m_p_a_r_e_d_ _h_u_m_a_n c_o_m_p_a_r_e_d_ _h_u_m_a_n_ _t_i_m_e h_u_m_a_n_ _t_i_m_e_ _r_e_q_u_i_r_e_d t_i_m_e_ _r_e_q_u_i_r_e_d_ _s_c_u_l_p_t r_e_q_u_i_r_e_d_ _s_c_u_l_p_t_ _d_e_s_i_r_e_d s_c_u_l_p_t_ _d_e_s_i_r_e_d_ _d_e_f_o_r_m_a_t_i_o_n_s,0,0,,
a frame goes wrong,data,f_r_a_m_e g_o_e_s w_r_o_n_g,f_r_a_m_e_ _g_o_e_s g_o_e_s_ _w_r_o_n_g,f_r_a_m_e_ _g_o_e_s_ _w_r_o_n_g,0,0,,
physical principles,data,p_h_y_s_i_c_a_l p_r_i_n_c_i_p_l_e_s,p_h_y_s_i_c_a_l_ _p_r_i_n_c_i_p_l_e_s,,0,0,,
the model is very detailed,data,m_o_d_e_l d_e_t_a_i_l_e_d,m_o_d_e_l_ _d_e_t_a_i_l_e_d,,0,0,,
playback of animation becomes quite heavy and time consuming,data,p_l_a_y_b_a_c_k a_n_i_m_a_t_i_o_n h_e_a_v_y t_i_m_e c_o_n_s_u_m_i_n_g,p_l_a_y_b_a_c_k_ _a_n_i_m_a_t_i_o_n a_n_i_m_a_t_i_o_n_ _h_e_a_v_y h_e_a_v_y_ _t_i_m_e t_i_m_e_ _c_o_n_s_u_m_i_n_g,p_l_a_y_b_a_c_k_ _a_n_i_m_a_t_i_o_n_ _h_e_a_v_y a_n_i_m_a_t_i_o_n_ _h_e_a_v_y_ _t_i_m_e h_e_a_v_y_ _t_i_m_e_ _c_o_n_s_u_m_i_n_g,0,0,,
For those applications that require visual fidelity,background_claim,a_p_p_l_i_c_a_t_i_o_n_s r_e_q_u_i_r_e v_i_s_u_a_l f_i_d_e_l_i_t_y,a_p_p_l_i_c_a_t_i_o_n_s_ _r_e_q_u_i_r_e r_e_q_u_i_r_e_ _v_i_s_u_a_l v_i_s_u_a_l_ _f_i_d_e_l_i_t_y,a_p_p_l_i_c_a_t_i_o_n_s_ _r_e_q_u_i_r_e_ _v_i_s_u_a_l r_e_q_u_i_r_e_ _v_i_s_u_a_l_ _f_i_d_e_l_i_t_y,0,0,,
SSD serves only as a basic framework,background_claim,s_s_d s_e_r_v_e_s b_a_s_i_c f_r_a_m_e_w_o_r_k,s_s_d_ _s_e_r_v_e_s s_e_r_v_e_s_ _b_a_s_i_c b_a_s_i_c_ _f_r_a_m_e_w_o_r_k,s_s_d_ _s_e_r_v_e_s_ _b_a_s_i_c s_e_r_v_e_s_ _b_a_s_i_c_ _f_r_a_m_e_w_o_r_k,0,0,,
PSD smoothly interpolates these meshes in pose space and produces visually attractive animations,background_claim,p_s_d s_m_o_o_t_h_l_y i_n_t_e_r_p_o_l_a_t_e_s m_e_s_h_e_s p_o_s_e s_p_a_c_e p_r_o_d_u_c_e_s v_i_s_u_a_l_l_y a_t_t_r_a_c_t_i_v_e a_n_i_m_a_t_i_o_n_s,p_s_d_ _s_m_o_o_t_h_l_y s_m_o_o_t_h_l_y_ _i_n_t_e_r_p_o_l_a_t_e_s i_n_t_e_r_p_o_l_a_t_e_s_ _m_e_s_h_e_s m_e_s_h_e_s_ _p_o_s_e p_o_s_e_ _s_p_a_c_e s_p_a_c_e_ _p_r_o_d_u_c_e_s p_r_o_d_u_c_e_s_ _v_i_s_u_a_l_l_y v_i_s_u_a_l_l_y_ _a_t_t_r_a_c_t_i_v_e a_t_t_r_a_c_t_i_v_e_ _a_n_i_m_a_t_i_o_n_s,p_s_d_ _s_m_o_o_t_h_l_y_ _i_n_t_e_r_p_o_l_a_t_e_s s_m_o_o_t_h_l_y_ _i_n_t_e_r_p_o_l_a_t_e_s_ _m_e_s_h_e_s i_n_t_e_r_p_o_l_a_t_e_s_ _m_e_s_h_e_s_ _p_o_s_e m_e_s_h_e_s_ _p_o_s_e_ _s_p_a_c_e p_o_s_e_ _s_p_a_c_e_ _p_r_o_d_u_c_e_s s_p_a_c_e_ _p_r_o_d_u_c_e_s_ _v_i_s_u_a_l_l_y p_r_o_d_u_c_e_s_ _v_i_s_u_a_l_l_y_ _a_t_t_r_a_c_t_i_v_e v_i_s_u_a_l_l_y_ _a_t_t_r_a_c_t_i_v_e_ _a_n_i_m_a_t_i_o_n_s,0,0,,
"Besides SSD, other skinning approaches",background_claim,s_s_d s_k_i_n_n_i_n_g a_p_p_r_o_a_c_h_e_s,s_s_d_ _s_k_i_n_n_i_n_g s_k_i_n_n_i_n_g_ _a_p_p_r_o_a_c_h_e_s,s_s_d_ _s_k_i_n_n_i_n_g_ _a_p_p_r_o_a_c_h_e_s,0,0,,
can also be applied,background_claim,a_p_p_l_i_e_d,,,0,0,can,
rigid skinning,data,r_i_g_i_d s_k_i_n_n_i_n_g,r_i_g_i_d_ _s_k_i_n_n_i_n_g,,0,0,,
Free Form Deformation,data,f_r_e_e f_o_r_m d_e_f_o_r_m_a_t_i_o_n,f_r_e_e_ _f_o_r_m f_o_r_m_ _d_e_f_o_r_m_a_t_i_o_n,f_r_e_e_ _f_o_r_m_ _d_e_f_o_r_m_a_t_i_o_n,0,0,,
physical modelling and animation is another field providing realistic character simulations,background_claim,p_h_y_s_i_c_a_l m_o_d_e_l_l_i_n_g a_n_i_m_a_t_i_o_n f_i_e_l_d p_r_o_v_i_d_i_n_g r_e_a_l_i_s_t_i_c c_h_a_r_a_c_t_e_r s_i_m_u_l_a_t_i_o_n_s,p_h_y_s_i_c_a_l_ _m_o_d_e_l_l_i_n_g m_o_d_e_l_l_i_n_g_ _a_n_i_m_a_t_i_o_n a_n_i_m_a_t_i_o_n_ _f_i_e_l_d f_i_e_l_d_ _p_r_o_v_i_d_i_n_g p_r_o_v_i_d_i_n_g_ _r_e_a_l_i_s_t_i_c r_e_a_l_i_s_t_i_c_ _c_h_a_r_a_c_t_e_r c_h_a_r_a_c_t_e_r_ _s_i_m_u_l_a_t_i_o_n_s,p_h_y_s_i_c_a_l_ _m_o_d_e_l_l_i_n_g_ _a_n_i_m_a_t_i_o_n m_o_d_e_l_l_i_n_g_ _a_n_i_m_a_t_i_o_n_ _f_i_e_l_d a_n_i_m_a_t_i_o_n_ _f_i_e_l_d_ _p_r_o_v_i_d_i_n_g f_i_e_l_d_ _p_r_o_v_i_d_i_n_g_ _r_e_a_l_i_s_t_i_c p_r_o_v_i_d_i_n_g_ _r_e_a_l_i_s_t_i_c_ _c_h_a_r_a_c_t_e_r r_e_a_l_i_s_t_i_c_ _c_h_a_r_a_c_t_e_r_ _s_i_m_u_l_a_t_i_o_n_s,0,0,,
Simpler parametric skinning approaches (of which SSD is the prototype) have a fixed number of parameters,background_claim,s_i_m_p_l_e_r p_a_r_a_m_e_t_r_i_c s_k_i_n_n_i_n_g a_p_p_r_o_a_c_h_e_s s_s_d p_r_o_t_o_t_y_p_e f_i_x_e_d n_u_m_b_e_r p_a_r_a_m_e_t_e_r_s,s_i_m_p_l_e_r_ _p_a_r_a_m_e_t_r_i_c p_a_r_a_m_e_t_r_i_c_ _s_k_i_n_n_i_n_g s_k_i_n_n_i_n_g_ _a_p_p_r_o_a_c_h_e_s a_p_p_r_o_a_c_h_e_s_ _s_s_d s_s_d_ _p_r_o_t_o_t_y_p_e p_r_o_t_o_t_y_p_e_ _f_i_x_e_d f_i_x_e_d_ _n_u_m_b_e_r n_u_m_b_e_r_ _p_a_r_a_m_e_t_e_r_s,s_i_m_p_l_e_r_ _p_a_r_a_m_e_t_r_i_c_ _s_k_i_n_n_i_n_g p_a_r_a_m_e_t_r_i_c_ _s_k_i_n_n_i_n_g_ _a_p_p_r_o_a_c_h_e_s s_k_i_n_n_i_n_g_ _a_p_p_r_o_a_c_h_e_s_ _s_s_d a_p_p_r_o_a_c_h_e_s_ _s_s_d_ _p_r_o_t_o_t_y_p_e s_s_d_ _p_r_o_t_o_t_y_p_e_ _f_i_x_e_d p_r_o_t_o_t_y_p_e_ _f_i_x_e_d_ _n_u_m_b_e_r f_i_x_e_d_ _n_u_m_b_e_r_ _p_a_r_a_m_e_t_e_r_s,0,0,,
the direction of deformed vertices from inverse skinning is a linear function of joint rotation,own_claim,d_i_r_e_c_t_i_o_n d_e_f_o_r_m_e_d v_e_r_t_i_c_e_s i_n_v_e_r_s_e s_k_i_n_n_i_n_g l_i_n_e_a_r f_u_n_c_t_i_o_n j_o_i_n_t r_o_t_a_t_i_o_n,d_i_r_e_c_t_i_o_n_ _d_e_f_o_r_m_e_d d_e_f_o_r_m_e_d_ _v_e_r_t_i_c_e_s v_e_r_t_i_c_e_s_ _i_n_v_e_r_s_e i_n_v_e_r_s_e_ _s_k_i_n_n_i_n_g s_k_i_n_n_i_n_g_ _l_i_n_e_a_r l_i_n_e_a_r_ _f_u_n_c_t_i_o_n f_u_n_c_t_i_o_n_ _j_o_i_n_t j_o_i_n_t_ _r_o_t_a_t_i_o_n,d_i_r_e_c_t_i_o_n_ _d_e_f_o_r_m_e_d_ _v_e_r_t_i_c_e_s d_e_f_o_r_m_e_d_ _v_e_r_t_i_c_e_s_ _i_n_v_e_r_s_e v_e_r_t_i_c_e_s_ _i_n_v_e_r_s_e_ _s_k_i_n_n_i_n_g i_n_v_e_r_s_e_ _s_k_i_n_n_i_n_g_ _l_i_n_e_a_r s_k_i_n_n_i_n_g_ _l_i_n_e_a_r_ _f_u_n_c_t_i_o_n l_i_n_e_a_r_ _f_u_n_c_t_i_o_n_ _j_o_i_n_t f_u_n_c_t_i_o_n_ _j_o_i_n_t_ _r_o_t_a_t_i_o_n,0,0,,
"in the forward approach, that direction is kept as a constant",own_claim,f_o_r_w_a_r_d a_p_p_r_o_a_c_h d_i_r_e_c_t_i_o_n k_e_p_t c_o_n_s_t_a_n_t,f_o_r_w_a_r_d_ _a_p_p_r_o_a_c_h a_p_p_r_o_a_c_h_ _d_i_r_e_c_t_i_o_n d_i_r_e_c_t_i_o_n_ _k_e_p_t k_e_p_t_ _c_o_n_s_t_a_n_t,f_o_r_w_a_r_d_ _a_p_p_r_o_a_c_h_ _d_i_r_e_c_t_i_o_n a_p_p_r_o_a_c_h_ _d_i_r_e_c_t_i_o_n_ _k_e_p_t d_i_r_e_c_t_i_o_n_ _k_e_p_t_ _c_o_n_s_t_a_n_t,0,0,,
propose a unified framework which can be implemented on high-end commercial packages while allowing any proprietary skinning operators to be incorporated,own_claim,p_r_o_p_o_s_e u_n_i_f_i_e_d f_r_a_m_e_w_o_r_k i_m_p_l_e_m_e_n_t_e_d h_i_g_h e_n_d c_o_m_m_e_r_c_i_a_l p_a_c_k_a_g_e_s a_l_l_o_w_i_n_g p_r_o_p_r_i_e_t_a_r_y s_k_i_n_n_i_n_g o_p_e_r_a_t_o_r_s i_n_c_o_r_p_o_r_a_t_e_d,p_r_o_p_o_s_e_ _u_n_i_f_i_e_d u_n_i_f_i_e_d_ _f_r_a_m_e_w_o_r_k f_r_a_m_e_w_o_r_k_ _i_m_p_l_e_m_e_n_t_e_d i_m_p_l_e_m_e_n_t_e_d_ _h_i_g_h h_i_g_h_ _e_n_d e_n_d_ _c_o_m_m_e_r_c_i_a_l c_o_m_m_e_r_c_i_a_l_ _p_a_c_k_a_g_e_s p_a_c_k_a_g_e_s_ _a_l_l_o_w_i_n_g a_l_l_o_w_i_n_g_ _p_r_o_p_r_i_e_t_a_r_y p_r_o_p_r_i_e_t_a_r_y_ _s_k_i_n_n_i_n_g s_k_i_n_n_i_n_g_ _o_p_e_r_a_t_o_r_s o_p_e_r_a_t_o_r_s_ _i_n_c_o_r_p_o_r_a_t_e_d,p_r_o_p_o_s_e_ _u_n_i_f_i_e_d_ _f_r_a_m_e_w_o_r_k u_n_i_f_i_e_d_ _f_r_a_m_e_w_o_r_k_ _i_m_p_l_e_m_e_n_t_e_d f_r_a_m_e_w_o_r_k_ _i_m_p_l_e_m_e_n_t_e_d_ _h_i_g_h i_m_p_l_e_m_e_n_t_e_d_ _h_i_g_h_ _e_n_d h_i_g_h_ _e_n_d_ _c_o_m_m_e_r_c_i_a_l e_n_d_ _c_o_m_m_e_r_c_i_a_l_ _p_a_c_k_a_g_e_s c_o_m_m_e_r_c_i_a_l_ _p_a_c_k_a_g_e_s_ _a_l_l_o_w_i_n_g p_a_c_k_a_g_e_s_ _a_l_l_o_w_i_n_g_ _p_r_o_p_r_i_e_t_a_r_y a_l_l_o_w_i_n_g_ _p_r_o_p_r_i_e_t_a_r_y_ _s_k_i_n_n_i_n_g p_r_o_p_r_i_e_t_a_r_y_ _s_k_i_n_n_i_n_g_ _o_p_e_r_a_t_o_r_s s_k_i_n_n_i_n_g_ _o_p_e_r_a_t_o_r_s_ _i_n_c_o_r_p_o_r_a_t_e_d,0,0,can,
Skeleton Subspace Deformation (SSD) is a basic algorithm that is used to define how the character surface deforms following movements of its underlying skeletons,background_claim,s_k_e_l_e_t_o_n s_u_b_s_p_a_c_e d_e_f_o_r_m_a_t_i_o_n s_s_d b_a_s_i_c a_l_g_o_r_i_t_h_m d_e_f_i_n_e c_h_a_r_a_c_t_e_r s_u_r_f_a_c_e d_e_f_o_r_m_s f_o_l_l_o_w_i_n_g m_o_v_e_m_e_n_t_s u_n_d_e_r_l_y_i_n_g s_k_e_l_e_t_o_n_s,s_k_e_l_e_t_o_n_ _s_u_b_s_p_a_c_e s_u_b_s_p_a_c_e_ _d_e_f_o_r_m_a_t_i_o_n d_e_f_o_r_m_a_t_i_o_n_ _s_s_d s_s_d_ _b_a_s_i_c b_a_s_i_c_ _a_l_g_o_r_i_t_h_m a_l_g_o_r_i_t_h_m_ _d_e_f_i_n_e d_e_f_i_n_e_ _c_h_a_r_a_c_t_e_r c_h_a_r_a_c_t_e_r_ _s_u_r_f_a_c_e s_u_r_f_a_c_e_ _d_e_f_o_r_m_s d_e_f_o_r_m_s_ _f_o_l_l_o_w_i_n_g f_o_l_l_o_w_i_n_g_ _m_o_v_e_m_e_n_t_s m_o_v_e_m_e_n_t_s_ _u_n_d_e_r_l_y_i_n_g u_n_d_e_r_l_y_i_n_g_ _s_k_e_l_e_t_o_n_s,s_k_e_l_e_t_o_n_ _s_u_b_s_p_a_c_e_ _d_e_f_o_r_m_a_t_i_o_n s_u_b_s_p_a_c_e_ _d_e_f_o_r_m_a_t_i_o_n_ _s_s_d d_e_f_o_r_m_a_t_i_o_n_ _s_s_d_ _b_a_s_i_c s_s_d_ _b_a_s_i_c_ _a_l_g_o_r_i_t_h_m b_a_s_i_c_ _a_l_g_o_r_i_t_h_m_ _d_e_f_i_n_e a_l_g_o_r_i_t_h_m_ _d_e_f_i_n_e_ _c_h_a_r_a_c_t_e_r d_e_f_i_n_e_ _c_h_a_r_a_c_t_e_r_ _s_u_r_f_a_c_e c_h_a_r_a_c_t_e_r_ _s_u_r_f_a_c_e_ _d_e_f_o_r_m_s s_u_r_f_a_c_e_ _d_e_f_o_r_m_s_ _f_o_l_l_o_w_i_n_g d_e_f_o_r_m_s_ _f_o_l_l_o_w_i_n_g_ _m_o_v_e_m_e_n_t_s f_o_l_l_o_w_i_n_g_ _m_o_v_e_m_e_n_t_s_ _u_n_d_e_r_l_y_i_n_g m_o_v_e_m_e_n_t_s_ _u_n_d_e_r_l_y_i_n_g_ _s_k_e_l_e_t_o_n_s,0,0,,
[ 11 ],data,1_1,,,0,0,,
SSD is adopted to define this relation,data,s_s_d a_d_o_p_t_e_d d_e_f_i_n_e r_e_l_a_t_i_o_n,s_s_d_ _a_d_o_p_t_e_d a_d_o_p_t_e_d_ _d_e_f_i_n_e d_e_f_i_n_e_ _r_e_l_a_t_i_o_n,s_s_d_ _a_d_o_p_t_e_d_ _d_e_f_i_n_e a_d_o_p_t_e_d_ _d_e_f_i_n_e_ _r_e_l_a_t_i_o_n,0,0,,
"each vertex or control point of the character surface is provided with a list of joints, that will influence it, along with the weight indicating the amount of influence",background_claim,v_e_r_t_e_x c_o_n_t_r_o_l p_o_i_n_t c_h_a_r_a_c_t_e_r s_u_r_f_a_c_e p_r_o_v_i_d_e_d l_i_s_t j_o_i_n_t_s i_n_f_l_u_e_n_c_e w_e_i_g_h_t i_n_d_i_c_a_t_i_n_g i_n_f_l_u_e_n_c_e,v_e_r_t_e_x_ _c_o_n_t_r_o_l c_o_n_t_r_o_l_ _p_o_i_n_t p_o_i_n_t_ _c_h_a_r_a_c_t_e_r c_h_a_r_a_c_t_e_r_ _s_u_r_f_a_c_e s_u_r_f_a_c_e_ _p_r_o_v_i_d_e_d p_r_o_v_i_d_e_d_ _l_i_s_t l_i_s_t_ _j_o_i_n_t_s j_o_i_n_t_s_ _i_n_f_l_u_e_n_c_e i_n_f_l_u_e_n_c_e_ _w_e_i_g_h_t w_e_i_g_h_t_ _i_n_d_i_c_a_t_i_n_g i_n_d_i_c_a_t_i_n_g_ _i_n_f_l_u_e_n_c_e,v_e_r_t_e_x_ _c_o_n_t_r_o_l_ _p_o_i_n_t c_o_n_t_r_o_l_ _p_o_i_n_t_ _c_h_a_r_a_c_t_e_r p_o_i_n_t_ _c_h_a_r_a_c_t_e_r_ _s_u_r_f_a_c_e c_h_a_r_a_c_t_e_r_ _s_u_r_f_a_c_e_ _p_r_o_v_i_d_e_d s_u_r_f_a_c_e_ _p_r_o_v_i_d_e_d_ _l_i_s_t p_r_o_v_i_d_e_d_ _l_i_s_t_ _j_o_i_n_t_s l_i_s_t_ _j_o_i_n_t_s_ _i_n_f_l_u_e_n_c_e j_o_i_n_t_s_ _i_n_f_l_u_e_n_c_e_ _w_e_i_g_h_t i_n_f_l_u_e_n_c_e_ _w_e_i_g_h_t_ _i_n_d_i_c_a_t_i_n_g w_e_i_g_h_t_ _i_n_d_i_c_a_t_i_n_g_ _i_n_f_l_u_e_n_c_e,0,0,will,
the position of a vertex in the animated pose is the result of weighted linear blending of its transformation by each associated joint,background_claim,p_o_s_i_t_i_o_n v_e_r_t_e_x a_n_i_m_a_t_e_d p_o_s_e r_e_s_u_l_t w_e_i_g_h_t_e_d l_i_n_e_a_r b_l_e_n_d_i_n_g t_r_a_n_s_f_o_r_m_a_t_i_o_n a_s_s_o_c_i_a_t_e_d j_o_i_n_t,p_o_s_i_t_i_o_n_ _v_e_r_t_e_x v_e_r_t_e_x_ _a_n_i_m_a_t_e_d a_n_i_m_a_t_e_d_ _p_o_s_e p_o_s_e_ _r_e_s_u_l_t r_e_s_u_l_t_ _w_e_i_g_h_t_e_d w_e_i_g_h_t_e_d_ _l_i_n_e_a_r l_i_n_e_a_r_ _b_l_e_n_d_i_n_g b_l_e_n_d_i_n_g_ _t_r_a_n_s_f_o_r_m_a_t_i_o_n t_r_a_n_s_f_o_r_m_a_t_i_o_n_ _a_s_s_o_c_i_a_t_e_d a_s_s_o_c_i_a_t_e_d_ _j_o_i_n_t,p_o_s_i_t_i_o_n_ _v_e_r_t_e_x_ _a_n_i_m_a_t_e_d v_e_r_t_e_x_ _a_n_i_m_a_t_e_d_ _p_o_s_e a_n_i_m_a_t_e_d_ _p_o_s_e_ _r_e_s_u_l_t p_o_s_e_ _r_e_s_u_l_t_ _w_e_i_g_h_t_e_d r_e_s_u_l_t_ _w_e_i_g_h_t_e_d_ _l_i_n_e_a_r w_e_i_g_h_t_e_d_ _l_i_n_e_a_r_ _b_l_e_n_d_i_n_g l_i_n_e_a_r_ _b_l_e_n_d_i_n_g_ _t_r_a_n_s_f_o_r_m_a_t_i_o_n b_l_e_n_d_i_n_g_ _t_r_a_n_s_f_o_r_m_a_t_i_o_n_ _a_s_s_o_c_i_a_t_e_d t_r_a_n_s_f_o_r_m_a_t_i_o_n_ _a_s_s_o_c_i_a_t_e_d_ _j_o_i_n_t,0,0,,
the character is animated,data,c_h_a_r_a_c_t_e_r a_n_i_m_a_t_e_d,c_h_a_r_a_c_t_e_r_ _a_n_i_m_a_t_e_d,,0,0,,
The famous SSD problem of “collapsed elbow”,background_claim,f_a_m_o_u_s s_s_d p_r_o_b_l_e_m c_o_l_l_a_p_s_e_d e_l_b_o_w,f_a_m_o_u_s_ _s_s_d s_s_d_ _p_r_o_b_l_e_m p_r_o_b_l_e_m_ _c_o_l_l_a_p_s_e_d c_o_l_l_a_p_s_e_d_ _e_l_b_o_w,f_a_m_o_u_s_ _s_s_d_ _p_r_o_b_l_e_m s_s_d_ _p_r_o_b_l_e_m_ _c_o_l_l_a_p_s_e_d p_r_o_b_l_e_m_ _c_o_l_l_a_p_s_e_d_ _e_l_b_o_w,0,0,,
sculpted in N example poses,data,s_c_u_l_p_t_e_d n e_x_a_m_p_l_e p_o_s_e_s,s_c_u_l_p_t_e_d_ _n n_ _e_x_a_m_p_l_e e_x_a_m_p_l_e_ _p_o_s_e_s,s_c_u_l_p_t_e_d_ _n_ _e_x_a_m_p_l_e n_ _e_x_a_m_p_l_e_ _p_o_s_e_s,0,0,,
a vertex v,data,v_e_r_t_e_x v,v_e_r_t_e_x_ _v,,0,0,,
"there are N delta d i , i = 0, . . . , N − 1 corresponding to each pose x i , i = 0, . . . , N − 1",own_claim,n d_e_l_t_a d = 0 n − 1 c_o_r_r_e_s_p_o_n_d_i_n_g p_o_s_e x = 0 n − 1,n_ _d_e_l_t_a d_e_l_t_a_ _d d_ _= =_ _0 0_ _n n_ _− −_ _1 1_ _c_o_r_r_e_s_p_o_n_d_i_n_g c_o_r_r_e_s_p_o_n_d_i_n_g_ _p_o_s_e p_o_s_e_ _x x_ _= =_ _0 0_ _n n_ _− −_ _1,n_ _d_e_l_t_a_ _d d_e_l_t_a_ _d_ _= d_ _=_ _0 =_ _0_ _n 0_ _n_ _− n_ _−_ _1 −_ _1_ _c_o_r_r_e_s_p_o_n_d_i_n_g 1_ _c_o_r_r_e_s_p_o_n_d_i_n_g_ _p_o_s_e c_o_r_r_e_s_p_o_n_d_i_n_g_ _p_o_s_e_ _x p_o_s_e_ _x_ _= x_ _=_ _0 =_ _0_ _n 0_ _n_ _− n_ _−_ _1,0,0,,
SSD as the underlying skinning,own_claim,s_s_d u_n_d_e_r_l_y_i_n_g s_k_i_n_n_i_n_g,s_s_d_ _u_n_d_e_r_l_y_i_n_g u_n_d_e_r_l_y_i_n_g_ _s_k_i_n_n_i_n_g,s_s_d_ _u_n_d_e_r_l_y_i_n_g_ _s_k_i_n_n_i_n_g,0,0,,
an explicit form of basic skinning can help to simplify our task of explanation,own_claim,e_x_p_l_i_c_i_t f_o_r_m b_a_s_i_c s_k_i_n_n_i_n_g h_e_l_p s_i_m_p_l_i_f_y t_a_s_k e_x_p_l_a_n_a_t_i_o_n,e_x_p_l_i_c_i_t_ _f_o_r_m f_o_r_m_ _b_a_s_i_c b_a_s_i_c_ _s_k_i_n_n_i_n_g s_k_i_n_n_i_n_g_ _h_e_l_p h_e_l_p_ _s_i_m_p_l_i_f_y s_i_m_p_l_i_f_y_ _t_a_s_k t_a_s_k_ _e_x_p_l_a_n_a_t_i_o_n,e_x_p_l_i_c_i_t_ _f_o_r_m_ _b_a_s_i_c f_o_r_m_ _b_a_s_i_c_ _s_k_i_n_n_i_n_g b_a_s_i_c_ _s_k_i_n_n_i_n_g_ _h_e_l_p s_k_i_n_n_i_n_g_ _h_e_l_p_ _s_i_m_p_l_i_f_y h_e_l_p_ _s_i_m_p_l_i_f_y_ _t_a_s_k s_i_m_p_l_i_f_y_ _t_a_s_k_ _e_x_p_l_a_n_a_t_i_o_n,0,0,can,
"in the rest pose, we didn’t generate any movement for v",data,r_e_s_t p_o_s_e g_e_n_e_r_a_t_e m_o_v_e_m_e_n_t v,r_e_s_t_ _p_o_s_e p_o_s_e_ _g_e_n_e_r_a_t_e g_e_n_e_r_a_t_e_ _m_o_v_e_m_e_n_t m_o_v_e_m_e_n_t_ _v,r_e_s_t_ _p_o_s_e_ _g_e_n_e_r_a_t_e p_o_s_e_ _g_e_n_e_r_a_t_e_ _m_o_v_e_m_e_n_t g_e_n_e_r_a_t_e_ _m_o_v_e_m_e_n_t_ _v,0,0,,n’t
"d 1 = [d 1x , d 1y ] = [0, 0]",own_claim,d 1 = d 1_x d 1_y = 0 0,d_ _1 1_ _= =_ _d d_ _1_x 1_x_ _d d_ _1_y 1_y_ _= =_ _0 0_ _0,d_ _1_ _= 1_ _=_ _d =_ _d_ _1_x d_ _1_x_ _d 1_x_ _d_ _1_y d_ _1_y_ _= 1_y_ _=_ _0 =_ _0_ _0,0,0,,
by solving above equation,data,s_o_l_v_i_n_g e_q_u_a_t_i_o_n,s_o_l_v_i_n_g_ _e_q_u_a_t_i_o_n,,0,0,,
i = j,data,= j,=_ _j,,0,0,,
φ i −1 j = 1,own_claim,φ −_1 j = 1,φ_ _−_1 −_1_ _j j_ _= =_ _1,φ_ _−_1_ _j −_1_ _j_ _= j_ _=_ _1,0,0,,
"this angle α p is a constant and depends only on the value of delta in the second pose d 2 = [d 2x , d 2y ]",own_claim,a_n_g_l_e α p c_o_n_s_t_a_n_t d_e_p_e_n_d_s v_a_l_u_e d_e_l_t_a s_e_c_o_n_d p_o_s_e d 2 = d 2_x d 2_y,a_n_g_l_e_ _α α_ _p p_ _c_o_n_s_t_a_n_t c_o_n_s_t_a_n_t_ _d_e_p_e_n_d_s d_e_p_e_n_d_s_ _v_a_l_u_e v_a_l_u_e_ _d_e_l_t_a d_e_l_t_a_ _s_e_c_o_n_d s_e_c_o_n_d_ _p_o_s_e p_o_s_e_ _d d_ _2 2_ _= =_ _d d_ _2_x 2_x_ _d d_ _2_y,a_n_g_l_e_ _α_ _p α_ _p_ _c_o_n_s_t_a_n_t p_ _c_o_n_s_t_a_n_t_ _d_e_p_e_n_d_s c_o_n_s_t_a_n_t_ _d_e_p_e_n_d_s_ _v_a_l_u_e d_e_p_e_n_d_s_ _v_a_l_u_e_ _d_e_l_t_a v_a_l_u_e_ _d_e_l_t_a_ _s_e_c_o_n_d d_e_l_t_a_ _s_e_c_o_n_d_ _p_o_s_e s_e_c_o_n_d_ _p_o_s_e_ _d p_o_s_e_ _d_ _2 d_ _2_ _= 2_ _=_ _d =_ _d_ _2_x d_ _2_x_ _d 2_x_ _d_ _2_y,0,0,,
tan α p = d d x y = ω ω 1x 1y φ φ (x (x − − x x 1 1 ) ) + + ω ω 2y 2x φ φ (x (x − − x x 2 2 ) ) = φ φ 12 12 −1 −1 d d 2x 2y φ φ (x (x − − x x 1 1 ) ) + + d d 2x 2y φ φ (x (x − − x x 2 2 ) ) = d 2y d 2x,own_claim,t_a_n α p = d d x y = ω ω 1_x 1_y φ φ x x − − x x 1 1 + + ω ω 2_y 2_x φ φ x x − − x x 2 2 = φ φ 1_2 1_2 −_1 −_1 d d 2_x 2_y φ φ x x − − x x 1 1 + + d d 2_x 2_y φ φ x x − − x x 2 2 = d 2_y d 2_x,t_a_n_ _α α_ _p p_ _= =_ _d d_ _d d_ _x x_ _y y_ _= =_ _ω ω_ _ω ω_ _1_x 1_x_ _1_y 1_y_ _φ φ_ _φ φ_ _x x_ _x x_ _− −_ _− −_ _x x_ _x x_ _1 1_ _1 1_ _+ +_ _+ +_ _ω ω_ _ω ω_ _2_y 2_y_ _2_x 2_x_ _φ φ_ _φ φ_ _x x_ _x x_ _− −_ _− −_ _x x_ _x x_ _2 2_ _2 2_ _= =_ _φ φ_ _φ φ_ _1_2 1_2_ _1_2 1_2_ _−_1 −_1_ _−_1 −_1_ _d d_ _d d_ _2_x 2_x_ _2_y 2_y_ _φ φ_ _φ φ_ _x x_ _x x_ _− −_ _− −_ _x x_ _x x_ _1 1_ _1 1_ _+ +_ _+ +_ _d d_ _d d_ _2_x 2_x_ _2_y 2_y_ _φ φ_ _φ φ_ _x x_ _x x_ _− −_ _− −_ _x x_ _x x_ _2 2_ _2 2_ _= =_ _d d_ _2_y 2_y_ _d d_ _2_x,t_a_n_ _α_ _p α_ _p_ _= p_ _=_ _d =_ _d_ _d d_ _d_ _x d_ _x_ _y x_ _y_ _= y_ _=_ _ω =_ _ω_ _ω ω_ _ω_ _1_x ω_ _1_x_ _1_y 1_x_ _1_y_ _φ 1_y_ _φ_ _φ φ_ _φ_ _x φ_ _x_ _x x_ _x_ _− x_ _−_ _− −_ _−_ _x −_ _x_ _x x_ _x_ _1 x_ _1_ _1 1_ _1_ _+ 1_ _+_ _+ +_ _+_ _ω +_ _ω_ _ω ω_ _ω_ _2_y ω_ _2_y_ _2_x 2_y_ _2_x_ _φ 2_x_ _φ_ _φ φ_ _φ_ _x φ_ _x_ _x x_ _x_ _− x_ _−_ _− −_ _−_ _x −_ _x_ _x x_ _x_ _2 x_ _2_ _2 2_ _2_ _= 2_ _=_ _φ =_ _φ_ _φ φ_ _φ_ _1_2 φ_ _1_2_ _1_2 1_2_ _1_2_ _−_1 1_2_ _−_1_ _−_1 −_1_ _−_1_ _d −_1_ _d_ _d d_ _d_ _2_x d_ _2_x_ _2_y 2_x_ _2_y_ _φ 2_y_ _φ_ _φ φ_ _φ_ _x φ_ _x_ _x x_ _x_ _− x_ _−_ _− −_ _−_ _x −_ _x_ _x x_ _x_ _1 x_ _1_ _1 1_ _1_ _+ 1_ _+_ _+ +_ _+_ _d +_ _d_ _d d_ _d_ _2_x d_ _2_x_ _2_y 2_x_ _2_y_ _φ 2_y_ _φ_ _φ φ_ _φ_ _x φ_ _x_ _x x_ _x_ _− x_ _−_ _− −_ _−_ _x −_ _x_ _x x_ _x_ _2 x_ _2_ _2 2_ _2_ _= 2_ _=_ _d =_ _d_ _2_y d_ _2_y_ _d 2_y_ _d_ _2_x,0,0,,
tan α p = d d x y,own_claim,t_a_n α p = d d x y,t_a_n_ _α α_ _p p_ _= =_ _d d_ _d d_ _x x_ _y,t_a_n_ _α_ _p α_ _p_ _= p_ _=_ _d =_ _d_ _d d_ _d_ _x d_ _x_ _y,0,0,,
The case described above is quite common in practice,own_claim,c_a_s_e d_e_s_c_r_i_b_e_d c_o_m_m_o_n p_r_a_c_t_i_c_e,c_a_s_e_ _d_e_s_c_r_i_b_e_d d_e_s_c_r_i_b_e_d_ _c_o_m_m_o_n c_o_m_m_o_n_ _p_r_a_c_t_i_c_e,c_a_s_e_ _d_e_s_c_r_i_b_e_d_ _c_o_m_m_o_n d_e_s_c_r_i_b_e_d_ _c_o_m_m_o_n_ _p_r_a_c_t_i_c_e,0,0,,
"animating shoulder, elbow, knee, hip-bone, neck",data,a_n_i_m_a_t_i_n_g s_h_o_u_l_d_e_r e_l_b_o_w k_n_e_e h_i_p b_o_n_e n_e_c_k,a_n_i_m_a_t_i_n_g_ _s_h_o_u_l_d_e_r s_h_o_u_l_d_e_r_ _e_l_b_o_w e_l_b_o_w_ _k_n_e_e k_n_e_e_ _h_i_p h_i_p_ _b_o_n_e b_o_n_e_ _n_e_c_k,a_n_i_m_a_t_i_n_g_ _s_h_o_u_l_d_e_r_ _e_l_b_o_w s_h_o_u_l_d_e_r_ _e_l_b_o_w_ _k_n_e_e e_l_b_o_w_ _k_n_e_e_ _h_i_p k_n_e_e_ _h_i_p_ _b_o_n_e h_i_p_ _b_o_n_e_ _n_e_c_k,0,0,,
All these parts would rotate from the rest pose with some angle to other poses,own_claim,p_a_r_t_s r_o_t_a_t_e r_e_s_t p_o_s_e a_n_g_l_e p_o_s_e_s,p_a_r_t_s_ _r_o_t_a_t_e r_o_t_a_t_e_ _r_e_s_t r_e_s_t_ _p_o_s_e p_o_s_e_ _a_n_g_l_e a_n_g_l_e_ _p_o_s_e_s,p_a_r_t_s_ _r_o_t_a_t_e_ _r_e_s_t r_o_t_a_t_e_ _r_e_s_t_ _p_o_s_e r_e_s_t_ _p_o_s_e_ _a_n_g_l_e p_o_s_e_ _a_n_g_l_e_ _p_o_s_e_s,0,0,would,
a unified framework in which no explicit inverse operation is necessitated,own_claim,u_n_i_f_i_e_d f_r_a_m_e_w_o_r_k e_x_p_l_i_c_i_t i_n_v_e_r_s_e o_p_e_r_a_t_i_o_n n_e_c_e_s_s_i_t_a_t_e_d,u_n_i_f_i_e_d_ _f_r_a_m_e_w_o_r_k f_r_a_m_e_w_o_r_k_ _e_x_p_l_i_c_i_t e_x_p_l_i_c_i_t_ _i_n_v_e_r_s_e i_n_v_e_r_s_e_ _o_p_e_r_a_t_i_o_n o_p_e_r_a_t_i_o_n_ _n_e_c_e_s_s_i_t_a_t_e_d,u_n_i_f_i_e_d_ _f_r_a_m_e_w_o_r_k_ _e_x_p_l_i_c_i_t f_r_a_m_e_w_o_r_k_ _e_x_p_l_i_c_i_t_ _i_n_v_e_r_s_e e_x_p_l_i_c_i_t_ _i_n_v_e_r_s_e_ _o_p_e_r_a_t_i_o_n i_n_v_e_r_s_e_ _o_p_e_r_a_t_i_o_n_ _n_e_c_e_s_s_i_t_a_t_e_d,0,1,,
a basic skinning method supported by animation packages,data,b_a_s_i_c s_k_i_n_n_i_n_g m_e_t_h_o_d s_u_p_p_o_r_t_e_d a_n_i_m_a_t_i_o_n p_a_c_k_a_g_e_s,b_a_s_i_c_ _s_k_i_n_n_i_n_g s_k_i_n_n_i_n_g_ _m_e_t_h_o_d m_e_t_h_o_d_ _s_u_p_p_o_r_t_e_d s_u_p_p_o_r_t_e_d_ _a_n_i_m_a_t_i_o_n a_n_i_m_a_t_i_o_n_ _p_a_c_k_a_g_e_s,b_a_s_i_c_ _s_k_i_n_n_i_n_g_ _m_e_t_h_o_d s_k_i_n_n_i_n_g_ _m_e_t_h_o_d_ _s_u_p_p_o_r_t_e_d m_e_t_h_o_d_ _s_u_p_p_o_r_t_e_d_ _a_n_i_m_a_t_i_o_n s_u_p_p_o_r_t_e_d_ _a_n_i_m_a_t_i_o_n_ _p_a_c_k_a_g_e_s,0,0,,
v i t = v i + d i = SKINNING i (v r ) + d i,own_claim,v t = v + d = s_k_i_n_n_i_n_g v r + d,v_ _t t_ _= =_ _v v_ _+ +_ _d d_ _= =_ _s_k_i_n_n_i_n_g s_k_i_n_n_i_n_g_ _v v_ _r r_ _+ +_ _d,v_ _t_ _= t_ _=_ _v =_ _v_ _+ v_ _+_ _d +_ _d_ _= d_ _=_ _s_k_i_n_n_i_n_g =_ _s_k_i_n_n_i_n_g_ _v s_k_i_n_n_i_n_g_ _v_ _r v_ _r_ _+ r_ _+_ _d,0,0,,
we need to replace SSD with SKINNING in the inverse skinning algorithm as such for equation 4,own_claim,n_e_e_d r_e_p_l_a_c_e s_s_d s_k_i_n_n_i_n_g i_n_v_e_r_s_e s_k_i_n_n_i_n_g a_l_g_o_r_i_t_h_m e_q_u_a_t_i_o_n 4,n_e_e_d_ _r_e_p_l_a_c_e r_e_p_l_a_c_e_ _s_s_d s_s_d_ _s_k_i_n_n_i_n_g s_k_i_n_n_i_n_g_ _i_n_v_e_r_s_e i_n_v_e_r_s_e_ _s_k_i_n_n_i_n_g s_k_i_n_n_i_n_g_ _a_l_g_o_r_i_t_h_m a_l_g_o_r_i_t_h_m_ _e_q_u_a_t_i_o_n e_q_u_a_t_i_o_n_ _4,n_e_e_d_ _r_e_p_l_a_c_e_ _s_s_d r_e_p_l_a_c_e_ _s_s_d_ _s_k_i_n_n_i_n_g s_s_d_ _s_k_i_n_n_i_n_g_ _i_n_v_e_r_s_e s_k_i_n_n_i_n_g_ _i_n_v_e_r_s_e_ _s_k_i_n_n_i_n_g i_n_v_e_r_s_e_ _s_k_i_n_n_i_n_g_ _a_l_g_o_r_i_t_h_m s_k_i_n_n_i_n_g_ _a_l_g_o_r_i_t_h_m_ _e_q_u_a_t_i_o_n a_l_g_o_r_i_t_h_m_ _e_q_u_a_t_i_o_n_ _4,0,0,,
